,Unnamed: 0.1,Unnamed: 0,Sources/Attributes,count,Aromatic,Woody,Fruity,Floral,Oriental,Fine,Elevating,Delicate,Light,Heavy,Young,Old,Gentle,Wild,Soothing,Exciting,Dark,Sweet,Bitter,Boring,Interesting,Hot,Cold,Deep,Quiet,Hard,Soft,Flat,Tasty,Pungent,Dull,Serious,Full,Empty,Active,Stale,Fresh,Cheerful,Discordant,Harmonious,Severe,Mild,Peaceful,Ugly,Beautiful,Unpleasant,Pleasant,Leather,Spicy,Tobacco,Musk,not perceptible,very weak,weak,distinct,strong,very strong,extremely strong,Almonds,Fish,Green,Medicinal,Musty
0,0,44,http://data.odeuropa.eu/vocabulary/olfactory-objects/214,0.0,1.0,0.0,0.0,0.0,0.0,2.0,0.0,2.0,0.0,0.0,0.0,0.0,0.0,0.0,0.0,0.0,0.0,6.0,0.0,0.0,0.0,0.0,0.0,0.0,0.0,0.0,1.0,0.0,1.0,1.0,0.0,0.0,0.0,0.0,0.0,0.0,1.0,0.0,0.0,0.0,0.0,0.0,0.0,0.0,0.0,1.0,2.0,0.0,0.0,0.0,0.0,0.0,0.0,0.0,1.0,6.0,0.0,0.0,0.0,0.0,1.0,1.0,0.0
1,1,45,http://www.wikidata.org/entity/Q15622897,0.0,1.0,0.0,0.0,0.0,0.0,2.0,0.0,2.0,0.0,0.0,0.0,0.0,0.0,0.0,0.0,0.0,0.0,6.0,0.0,0.0,0.0,0.0,0.0,0.0,0.0,0.0,1.0,0.0,1.0,1.0,0.0,0.0,0.0,0.0,0.0,0.0,1.0,0.0,0.0,0.0,0.0,0.0,0.0,0.0,0.0,1.0,2.0,0.0,0.0,0.0,0.0,0.0,0.0,0.0,1.0,6.0,0.0,0.0,0.0,0.0,1.0,1.0,0.0
2,2,118,http://data.odeuropa.eu/vocabulary/olfactory-objects/138,0.0,0.0,0.0,0.0,1.0,0.0,3.0,0.0,9.0,3.0,6.0,0.0,0.0,0.0,2.0,0.0,1.0,0.0,106.0,0.0,1.0,0.0,2.0,0.0,0.0,0.0,0.0,11.0,0.0,1.0,2.0,0.0,0.0,4.0,0.0,2.0,0.0,8.0,0.0,0.0,0.0,0.0,9.0,0.0,3.0,2.0,2.0,8.0,0.0,0.0,0.0,0.0,0.0,1.0,0.0,1.0,14.0,0.0,0.0,0.0,0.0,0.0,0.0,1.0
3,3,119,http://www.wikidata.org/entity/Q34687,0.0,0.0,0.0,0.0,1.0,0.0,3.0,0.0,9.0,3.0,6.0,0.0,0.0,0.0,2.0,0.0,1.0,0.0,106.0,0.0,1.0,0.0,2.0,0.0,0.0,0.0,0.0,11.0,0.0,1.0,2.0,0.0,0.0,4.0,0.0,2.0,0.0,8.0,0.0,0.0,0.0,0.0,9.0,0.0,3.0,2.0,2.0,8.0,0.0,0.0,0.0,0.0,0.0,1.0,0.0,1.0,14.0,0.0,0.0,0.0,0.0,0.0,0.0,1.0
4,6,135,http://data.odeuropa.eu/vocabulary/olfactory-objects/214,0.0,1.0,0.0,0.0,0.0,0.0,2.0,0.0,2.0,0.0,0.0,0.0,0.0,0.0,0.0,0.0,0.0,0.0,6.0,0.0,0.0,0.0,0.0,0.0,0.0,0.0,0.0,1.0,0.0,1.0,1.0,0.0,0.0,0.0,0.0,0.0,0.0,1.0,0.0,0.0,0.0,0.0,0.0,0.0,0.0,0.0,1.0,2.0,0.0,0.0,0.0,0.0,0.0,0.0,0.0,1.0,6.0,0.0,0.0,0.0,0.0,1.0,1.0,0.0
5,7,136,http://www.wikidata.org/entity/Q15622897,0.0,1.0,0.0,0.0,0.0,0.0,2.0,0.0,2.0,0.0,0.0,0.0,0.0,0.0,0.0,0.0,0.0,0.0,6.0,0.0,0.0,0.0,0.0,0.0,0.0,0.0,0.0,1.0,0.0,1.0,1.0,0.0,0.0,0.0,0.0,0.0,0.0,1.0,0.0,0.0,0.0,0.0,0.0,0.0,0.0,0.0,1.0,2.0,0.0,0.0,0.0,0.0,0.0,0.0,0.0,1.0,6.0,0.0,0.0,0.0,0.0,1.0,1.0,0.0
6,8,161,http://data.odeuropa.eu/vocabulary/olfactory-objects/138,0.0,0.0,0.0,0.0,1.0,0.0,3.0,0.0,9.0,3.0,6.0,0.0,0.0,0.0,2.0,0.0,1.0,0.0,106.0,0.0,1.0,0.0,2.0,0.0,0.0,0.0,0.0,11.0,0.0,1.0,2.0,0.0,0.0,4.0,0.0,2.0,0.0,8.0,0.0,0.0,0.0,0.0,9.0,0.0,3.0,2.0,2.0,8.0,0.0,0.0,0.0,0.0,0.0,1.0,0.0,1.0,14.0,0.0,0.0,0.0,0.0,0.0,0.0,1.0
7,9,162,http://www.wikidata.org/entity/Q34687,0.0,0.0,0.0,0.0,1.0,0.0,3.0,0.0,9.0,3.0,6.0,0.0,0.0,0.0,2.0,0.0,1.0,0.0,106.0,0.0,1.0,0.0,2.0,0.0,0.0,0.0,0.0,11.0,0.0,1.0,2.0,0.0,0.0,4.0,0.0,2.0,0.0,8.0,0.0,0.0,0.0,0.0,9.0,0.0,3.0,2.0,2.0,8.0,0.0,0.0,0.0,0.0,0.0,1.0,0.0,1.0,14.0,0.0,0.0,0.0,0.0,0.0,0.0,1.0
8,10,192,http://data.odeuropa.eu/vocabulary/olfactory-objects/87,0.0,0.0,0.0,0.0,0.0,0.0,1.0,0.0,2.0,0.0,2.0,0.0,0.0,0.0,0.0,0.0,0.0,0.0,13.0,0.0,0.0,0.0,0.0,0.0,0.0,0.0,0.0,2.0,0.0,1.0,1.0,0.0,0.0,0.0,0.0,0.0,0.0,0.0,1.0,0.0,0.0,0.0,0.0,0.0,0.0,0.0,2.0,1.0,0.0,0.0,0.0,0.0,0.0,0.0,0.0,0.0,4.0,1.0,0.0,0.0,0.0,0.0,0.0,0.0
9,11,193,http://www.wikidata.org/entity/Q336989,0.0,0.0,0.0,0.0,0.0,0.0,1.0,0.0,2.0,0.0,2.0,0.0,0.0,0.0,0.0,0.0,0.0,0.0,13.0,0.0,0.0,0.0,0.0,0.0,0.0,0.0,0.0,2.0,0.0,1.0,1.0,0.0,0.0,0.0,0.0,0.0,0.0,0.0,1.0,0.0,0.0,0.0,0.0,0.0,0.0,0.0,2.0,1.0,0.0,0.0,0.0,0.0,0.0,0.0,0.0,0.0,4.0,1.0,0.0,0.0,0.0,0.0,0.0,0.0
10,12,194,http://data.odeuropa.eu/vocabulary/olfactory-objects/88,0.0,0.0,0.0,0.0,0.0,0.0,2.0,0.0,0.0,0.0,0.0,0.0,0.0,0.0,0.0,0.0,0.0,0.0,19.0,0.0,0.0,0.0,0.0,0.0,0.0,0.0,0.0,0.0,0.0,1.0,0.0,0.0,0.0,0.0,0.0,0.0,0.0,5.0,0.0,0.0,0.0,0.0,1.0,0.0,2.0,0.0,4.0,11.0,0.0,0.0,0.0,0.0,0.0,1.0,0.0,0.0,17.0,1.0,0.0,0.0,0.0,0.0,2.0,0.0
11,13,195,http://www.wikidata.org/entity/Q207123,0.0,0.0,0.0,0.0,0.0,0.0,2.0,0.0,0.0,0.0,0.0,0.0,0.0,0.0,0.0,0.0,0.0,0.0,19.0,0.0,0.0,0.0,0.0,0.0,0.0,0.0,0.0,0.0,0.0,1.0,0.0,0.0,0.0,0.0,0.0,0.0,0.0,5.0,0.0,0.0,0.0,0.0,1.0,0.0,2.0,0.0,4.0,11.0,0.0,0.0,0.0,0.0,0.0,1.0,0.0,0.0,17.0,1.0,0.0,0.0,0.0,0.0,2.0,0.0
12,16,234,http://data.odeuropa.eu/vocabulary/olfactory-objects/138,0.0,0.0,0.0,0.0,1.0,0.0,3.0,0.0,9.0,3.0,6.0,0.0,0.0,0.0,2.0,0.0,1.0,0.0,106.0,0.0,1.0,0.0,2.0,0.0,0.0,0.0,0.0,11.0,0.0,1.0,2.0,0.0,0.0,4.0,0.0,2.0,0.0,8.0,0.0,0.0,0.0,0.0,9.0,0.0,3.0,2.0,2.0,8.0,0.0,0.0,0.0,0.0,0.0,1.0,0.0,1.0,14.0,0.0,0.0,0.0,0.0,0.0,0.0,1.0
13,17,235,http://www.wikidata.org/entity/Q34687,0.0,0.0,0.0,0.0,1.0,0.0,3.0,0.0,9.0,3.0,6.0,0.0,0.0,0.0,2.0,0.0,1.0,0.0,106.0,0.0,1.0,0.0,2.0,0.0,0.0,0.0,0.0,11.0,0.0,1.0,2.0,0.0,0.0,4.0,0.0,2.0,0.0,8.0,0.0,0.0,0.0,0.0,9.0,0.0,3.0,2.0,2.0,8.0,0.0,0.0,0.0,0.0,0.0,1.0,0.0,1.0,14.0,0.0,0.0,0.0,0.0,0.0,0.0,1.0
14,18,244,http://data.odeuropa.eu/vocabulary/olfactory-objects/214,0.0,1.0,0.0,0.0,0.0,0.0,2.0,0.0,2.0,0.0,0.0,0.0,0.0,0.0,0.0,0.0,0.0,0.0,6.0,0.0,0.0,0.0,0.0,0.0,0.0,0.0,0.0,1.0,0.0,1.0,1.0,0.0,0.0,0.0,0.0,0.0,0.0,1.0,0.0,0.0,0.0,0.0,0.0,0.0,0.0,0.0,1.0,2.0,0.0,0.0,0.0,0.0,0.0,0.0,0.0,1.0,6.0,0.0,0.0,0.0,0.0,1.0,1.0,0.0
15,19,245,http://www.wikidata.org/entity/Q15622897,0.0,1.0,0.0,0.0,0.0,0.0,2.0,0.0,2.0,0.0,0.0,0.0,0.0,0.0,0.0,0.0,0.0,0.0,6.0,0.0,0.0,0.0,0.0,0.0,0.0,0.0,0.0,1.0,0.0,1.0,1.0,0.0,0.0,0.0,0.0,0.0,0.0,1.0,0.0,0.0,0.0,0.0,0.0,0.0,0.0,0.0,1.0,2.0,0.0,0.0,0.0,0.0,0.0,0.0,0.0,1.0,6.0,0.0,0.0,0.0,0.0,1.0,1.0,0.0
16,22,312,http://data.odeuropa.eu/vocabulary/olfactory-objects/87,0.0,0.0,0.0,0.0,0.0,0.0,1.0,0.0,2.0,0.0,2.0,0.0,0.0,0.0,0.0,0.0,0.0,0.0,13.0,0.0,0.0,0.0,0.0,0.0,0.0,0.0,0.0,2.0,0.0,1.0,1.0,0.0,0.0,0.0,0.0,0.0,0.0,0.0,1.0,0.0,0.0,0.0,0.0,0.0,0.0,0.0,2.0,1.0,0.0,0.0,0.0,0.0,0.0,0.0,0.0,0.0,4.0,1.0,0.0,0.0,0.0,0.0,0.0,0.0
17,23,313,http://www.wikidata.org/entity/Q336989,0.0,0.0,0.0,0.0,0.0,0.0,1.0,0.0,2.0,0.0,2.0,0.0,0.0,0.0,0.0,0.0,0.0,0.0,13.0,0.0,0.0,0.0,0.0,0.0,0.0,0.0,0.0,2.0,0.0,1.0,1.0,0.0,0.0,0.0,0.0,0.0,0.0,0.0,1.0,0.0,0.0,0.0,0.0,0.0,0.0,0.0,2.0,1.0,0.0,0.0,0.0,0.0,0.0,0.0,0.0,0.0,4.0,1.0,0.0,0.0,0.0,0.0,0.0,0.0
18,24,344,http://data.odeuropa.eu/vocabulary/olfactory-objects/138,0.0,0.0,0.0,0.0,1.0,0.0,3.0,0.0,9.0,3.0,6.0,0.0,0.0,0.0,2.0,0.0,1.0,0.0,106.0,0.0,1.0,0.0,2.0,0.0,0.0,0.0,0.0,11.0,0.0,1.0,2.0,0.0,0.0,4.0,0.0,2.0,0.0,8.0,0.0,0.0,0.0,0.0,9.0,0.0,3.0,2.0,2.0,8.0,0.0,0.0,0.0,0.0,0.0,1.0,0.0,1.0,14.0,0.0,0.0,0.0,0.0,0.0,0.0,1.0
19,25,345,http://www.wikidata.org/entity/Q34687,0.0,0.0,0.0,0.0,1.0,0.0,3.0,0.0,9.0,3.0,6.0,0.0,0.0,0.0,2.0,0.0,1.0,0.0,106.0,0.0,1.0,0.0,2.0,0.0,0.0,0.0,0.0,11.0,0.0,1.0,2.0,0.0,0.0,4.0,0.0,2.0,0.0,8.0,0.0,0.0,0.0,0.0,9.0,0.0,3.0,2.0,2.0,8.0,0.0,0.0,0.0,0.0,0.0,1.0,0.0,1.0,14.0,0.0,0.0,0.0,0.0,0.0,0.0,1.0
20,26,379,http://data.odeuropa.eu/vocabulary/olfactory-objects/138,0.0,0.0,0.0,0.0,1.0,0.0,3.0,0.0,9.0,3.0,6.0,0.0,0.0,0.0,2.0,0.0,1.0,0.0,106.0,0.0,1.0,0.0,2.0,0.0,0.0,0.0,0.0,11.0,0.0,1.0,2.0,0.0,0.0,4.0,0.0,2.0,0.0,8.0,0.0,0.0,0.0,0.0,9.0,0.0,3.0,2.0,2.0,8.0,0.0,0.0,0.0,0.0,0.0,1.0,0.0,1.0,14.0,0.0,0.0,0.0,0.0,0.0,0.0,1.0
21,27,380,http://www.wikidata.org/entity/Q34687,0.0,0.0,0.0,0.0,1.0,0.0,3.0,0.0,9.0,3.0,6.0,0.0,0.0,0.0,2.0,0.0,1.0,0.0,106.0,0.0,1.0,0.0,2.0,0.0,0.0,0.0,0.0,11.0,0.0,1.0,2.0,0.0,0.0,4.0,0.0,2.0,0.0,8.0,0.0,0.0,0.0,0.0,9.0,0.0,3.0,2.0,2.0,8.0,0.0,0.0,0.0,0.0,0.0,1.0,0.0,1.0,14.0,0.0,0.0,0.0,0.0,0.0,0.0,1.0
22,28,398,http://data.odeuropa.eu/vocabulary/olfactory-objects/87,0.0,0.0,0.0,0.0,0.0,0.0,1.0,0.0,2.0,0.0,2.0,0.0,0.0,0.0,0.0,0.0,0.0,0.0,13.0,0.0,0.0,0.0,0.0,0.0,0.0,0.0,0.0,2.0,0.0,1.0,1.0,0.0,0.0,0.0,0.0,0.0,0.0,0.0,1.0,0.0,0.0,0.0,0.0,0.0,0.0,0.0,2.0,1.0,0.0,0.0,0.0,0.0,0.0,0.0,0.0,0.0,4.0,1.0,0.0,0.0,0.0,0.0,0.0,0.0
23,29,399,http://www.wikidata.org/entity/Q336989,0.0,0.0,0.0,0.0,0.0,0.0,1.0,0.0,2.0,0.0,2.0,0.0,0.0,0.0,0.0,0.0,0.0,0.0,13.0,0.0,0.0,0.0,0.0,0.0,0.0,0.0,0.0,2.0,0.0,1.0,1.0,0.0,0.0,0.0,0.0,0.0,0.0,0.0,1.0,0.0,0.0,0.0,0.0,0.0,0.0,0.0,2.0,1.0,0.0,0.0,0.0,0.0,0.0,0.0,0.0,0.0,4.0,1.0,0.0,0.0,0.0,0.0,0.0,0.0
24,30,431,http://data.odeuropa.eu/vocabulary/olfactory-objects/311,0.0,0.0,0.0,0.0,0.0,0.0,0.0,0.0,0.0,0.0,1.0,0.0,0.0,0.0,0.0,0.0,0.0,0.0,0.0,0.0,0.0,0.0,0.0,0.0,0.0,0.0,0.0,0.0,0.0,1.0,0.0,0.0,0.0,0.0,0.0,0.0,0.0,0.0,0.0,0.0,0.0,0.0,0.0,0.0,0.0,0.0,0.0,1.0,0.0,0.0,0.0,0.0,0.0,0.0,0.0,0.0,2.0,0.0,0.0,0.0,0.0,0.0,0.0,0.0
25,31,432,http://www.wikidata.org/entity/Q14328596,0.0,0.0,0.0,0.0,0.0,0.0,0.0,0.0,0.0,0.0,1.0,0.0,0.0,0.0,0.0,0.0,0.0,0.0,0.0,0.0,0.0,0.0,0.0,0.0,0.0,0.0,0.0,0.0,0.0,1.0,0.0,0.0,0.0,0.0,0.0,0.0,0.0,0.0,0.0,0.0,0.0,0.0,0.0,0.0,0.0,0.0,0.0,1.0,0.0,0.0,0.0,0.0,0.0,0.0,0.0,0.0,2.0,0.0,0.0,0.0,0.0,0.0,0.0,0.0
26,32,468,http://data.odeuropa.eu/vocabulary/olfactory-objects/138,0.0,0.0,0.0,0.0,1.0,0.0,3.0,0.0,9.0,3.0,6.0,0.0,0.0,0.0,2.0,0.0,1.0,0.0,106.0,0.0,1.0,0.0,2.0,0.0,0.0,0.0,0.0,11.0,0.0,1.0,2.0,0.0,0.0,4.0,0.0,2.0,0.0,8.0,0.0,0.0,0.0,0.0,9.0,0.0,3.0,2.0,2.0,8.0,0.0,0.0,0.0,0.0,0.0,1.0,0.0,1.0,14.0,0.0,0.0,0.0,0.0,0.0,0.0,1.0
27,33,469,http://www.wikidata.org/entity/Q34687,0.0,0.0,0.0,0.0,1.0,0.0,3.0,0.0,9.0,3.0,6.0,0.0,0.0,0.0,2.0,0.0,1.0,0.0,106.0,0.0,1.0,0.0,2.0,0.0,0.0,0.0,0.0,11.0,0.0,1.0,2.0,0.0,0.0,4.0,0.0,2.0,0.0,8.0,0.0,0.0,0.0,0.0,9.0,0.0,3.0,2.0,2.0,8.0,0.0,0.0,0.0,0.0,0.0,1.0,0.0,1.0,14.0,0.0,0.0,0.0,0.0,0.0,0.0,1.0
28,34,516,http://data.odeuropa.eu/vocabulary/olfactory-objects/138,0.0,0.0,0.0,0.0,1.0,0.0,3.0,0.0,9.0,3.0,6.0,0.0,0.0,0.0,2.0,0.0,1.0,0.0,106.0,0.0,1.0,0.0,2.0,0.0,0.0,0.0,0.0,11.0,0.0,1.0,2.0,0.0,0.0,4.0,0.0,2.0,0.0,8.0,0.0,0.0,0.0,0.0,9.0,0.0,3.0,2.0,2.0,8.0,0.0,0.0,0.0,0.0,0.0,1.0,0.0,1.0,14.0,0.0,0.0,0.0,0.0,0.0,0.0,1.0
29,35,517,http://www.wikidata.org/entity/Q34687,0.0,0.0,0.0,0.0,1.0,0.0,3.0,0.0,9.0,3.0,6.0,0.0,0.0,0.0,2.0,0.0,1.0,0.0,106.0,0.0,1.0,0.0,2.0,0.0,0.0,0.0,0.0,11.0,0.0,1.0,2.0,0.0,0.0,4.0,0.0,2.0,0.0,8.0,0.0,0.0,0.0,0.0,9.0,0.0,3.0,2.0,2.0,8.0,0.0,0.0,0.0,0.0,0.0,1.0,0.0,1.0,14.0,0.0,0.0,0.0,0.0,0.0,0.0,1.0
30,36,520,http://data.odeuropa.eu/vocabulary/olfactory-objects/138,0.0,0.0,0.0,0.0,1.0,0.0,3.0,0.0,9.0,3.0,6.0,0.0,0.0,0.0,2.0,0.0,1.0,0.0,106.0,0.0,1.0,0.0,2.0,0.0,0.0,0.0,0.0,11.0,0.0,1.0,2.0,0.0,0.0,4.0,0.0,2.0,0.0,8.0,0.0,0.0,0.0,0.0,9.0,0.0,3.0,2.0,2.0,8.0,0.0,0.0,0.0,0.0,0.0,1.0,0.0,1.0,14.0,0.0,0.0,0.0,0.0,0.0,0.0,1.0
31,37,521,http://www.wikidata.org/entity/Q34687,0.0,0.0,0.0,0.0,1.0,0.0,3.0,0.0,9.0,3.0,6.0,0.0,0.0,0.0,2.0,0.0,1.0,0.0,106.0,0.0,1.0,0.0,2.0,0.0,0.0,0.0,0.0,11.0,0.0,1.0,2.0,0.0,0.0,4.0,0.0,2.0,0.0,8.0,0.0,0.0,0.0,0.0,9.0,0.0,3.0,2.0,2.0,8.0,0.0,0.0,0.0,0.0,0.0,1.0,0.0,1.0,14.0,0.0,0.0,0.0,0.0,0.0,0.0,1.0
32,38,532,http://data.odeuropa.eu/vocabulary/olfactory-objects/370,0.0,0.0,0.0,0.0,0.0,0.0,0.0,0.0,0.0,0.0,0.0,0.0,0.0,0.0,0.0,0.0,0.0,0.0,2.0,0.0,0.0,0.0,0.0,0.0,0.0,0.0,1.0,0.0,0.0,1.0,0.0,0.0,0.0,0.0,0.0,0.0,0.0,0.0,0.0,0.0,0.0,0.0,0.0,0.0,1.0,0.0,3.0,11.0,0.0,0.0,0.0,0.0,0.0,0.0,0.0,0.0,7.0,0.0,0.0,0.0,0.0,0.0,0.0,0.0
33,39,533,http://www.wikidata.org/entity/Q40763,0.0,0.0,0.0,0.0,0.0,0.0,0.0,0.0,0.0,0.0,0.0,0.0,0.0,0.0,0.0,0.0,0.0,0.0,2.0,0.0,0.0,0.0,0.0,0.0,0.0,0.0,1.0,0.0,0.0,1.0,0.0,0.0,0.0,0.0,0.0,0.0,0.0,0.0,0.0,0.0,0.0,0.0,0.0,0.0,1.0,0.0,3.0,11.0,0.0,0.0,0.0,0.0,0.0,0.0,0.0,0.0,7.0,0.0,0.0,0.0,0.0,0.0,0.0,0.0
34,42,554,http://data.odeuropa.eu/vocabulary/olfactory-objects/214,0.0,1.0,0.0,0.0,0.0,0.0,2.0,0.0,2.0,0.0,0.0,0.0,0.0,0.0,0.0,0.0,0.0,0.0,6.0,0.0,0.0,0.0,0.0,0.0,0.0,0.0,0.0,1.0,0.0,1.0,1.0,0.0,0.0,0.0,0.0,0.0,0.0,1.0,0.0,0.0,0.0,0.0,0.0,0.0,0.0,0.0,1.0,2.0,0.0,0.0,0.0,0.0,0.0,0.0,0.0,1.0,6.0,0.0,0.0,0.0,0.0,1.0,1.0,0.0
35,43,555,http://www.wikidata.org/entity/Q15622897,0.0,1.0,0.0,0.0,0.0,0.0,2.0,0.0,2.0,0.0,0.0,0.0,0.0,0.0,0.0,0.0,0.0,0.0,6.0,0.0,0.0,0.0,0.0,0.0,0.0,0.0,0.0,1.0,0.0,1.0,1.0,0.0,0.0,0.0,0.0,0.0,0.0,1.0,0.0,0.0,0.0,0.0,0.0,0.0,0.0,0.0,1.0,2.0,0.0,0.0,0.0,0.0,0.0,0.0,0.0,1.0,6.0,0.0,0.0,0.0,0.0,1.0,1.0,0.0
36,44,581,http://data.odeuropa.eu/vocabulary/olfactory-objects/87,0.0,0.0,0.0,0.0,0.0,0.0,1.0,0.0,2.0,0.0,2.0,0.0,0.0,0.0,0.0,0.0,0.0,0.0,13.0,0.0,0.0,0.0,0.0,0.0,0.0,0.0,0.0,2.0,0.0,1.0,1.0,0.0,0.0,0.0,0.0,0.0,0.0,0.0,1.0,0.0,0.0,0.0,0.0,0.0,0.0,0.0,2.0,1.0,0.0,0.0,0.0,0.0,0.0,0.0,0.0,0.0,4.0,1.0,0.0,0.0,0.0,0.0,0.0,0.0
37,45,582,http://www.wikidata.org/entity/Q336989,0.0,0.0,0.0,0.0,0.0,0.0,1.0,0.0,2.0,0.0,2.0,0.0,0.0,0.0,0.0,0.0,0.0,0.0,13.0,0.0,0.0,0.0,0.0,0.0,0.0,0.0,0.0,2.0,0.0,1.0,1.0,0.0,0.0,0.0,0.0,0.0,0.0,0.0,1.0,0.0,0.0,0.0,0.0,0.0,0.0,0.0,2.0,1.0,0.0,0.0,0.0,0.0,0.0,0.0,0.0,0.0,4.0,1.0,0.0,0.0,0.0,0.0,0.0,0.0
38,46,611,http://data.odeuropa.eu/vocabulary/olfactory-objects/88,0.0,0.0,0.0,0.0,0.0,0.0,2.0,0.0,0.0,0.0,0.0,0.0,0.0,0.0,0.0,0.0,0.0,0.0,19.0,0.0,0.0,0.0,0.0,0.0,0.0,0.0,0.0,0.0,0.0,1.0,0.0,0.0,0.0,0.0,0.0,0.0,0.0,5.0,0.0,0.0,0.0,0.0,1.0,0.0,2.0,0.0,4.0,11.0,0.0,0.0,0.0,0.0,0.0,1.0,0.0,0.0,17.0,1.0,0.0,0.0,0.0,0.0,2.0,0.0
39,47,612,http://www.wikidata.org/entity/Q207123,0.0,0.0,0.0,0.0,0.0,0.0,2.0,0.0,0.0,0.0,0.0,0.0,0.0,0.0,0.0,0.0,0.0,0.0,19.0,0.0,0.0,0.0,0.0,0.0,0.0,0.0,0.0,0.0,0.0,1.0,0.0,0.0,0.0,0.0,0.0,0.0,0.0,5.0,0.0,0.0,0.0,0.0,1.0,0.0,2.0,0.0,4.0,11.0,0.0,0.0,0.0,0.0,0.0,1.0,0.0,0.0,17.0,1.0,0.0,0.0,0.0,0.0,2.0,0.0
40,48,847,http://data.odeuropa.eu/vocabulary/olfactory-objects/138,0.0,0.0,0.0,0.0,1.0,0.0,3.0,0.0,9.0,3.0,6.0,0.0,0.0,0.0,2.0,0.0,1.0,0.0,106.0,0.0,1.0,0.0,2.0,0.0,0.0,0.0,0.0,11.0,0.0,1.0,2.0,0.0,0.0,4.0,0.0,2.0,0.0,8.0,0.0,0.0,0.0,0.0,9.0,0.0,3.0,2.0,2.0,8.0,0.0,0.0,0.0,0.0,0.0,1.0,0.0,1.0,14.0,0.0,0.0,0.0,0.0,0.0,0.0,1.0
41,49,848,http://www.wikidata.org/entity/Q34687,0.0,0.0,0.0,0.0,1.0,0.0,3.0,0.0,9.0,3.0,6.0,0.0,0.0,0.0,2.0,0.0,1.0,0.0,106.0,0.0,1.0,0.0,2.0,0.0,0.0,0.0,0.0,11.0,0.0,1.0,2.0,0.0,0.0,4.0,0.0,2.0,0.0,8.0,0.0,0.0,0.0,0.0,9.0,0.0,3.0,2.0,2.0,8.0,0.0,0.0,0.0,0.0,0.0,1.0,0.0,1.0,14.0,0.0,0.0,0.0,0.0,0.0,0.0,1.0
42,50,875,http://data.odeuropa.eu/vocabulary/olfactory-objects/138,0.0,0.0,0.0,0.0,1.0,0.0,3.0,0.0,9.0,3.0,6.0,0.0,0.0,0.0,2.0,0.0,1.0,0.0,106.0,0.0,1.0,0.0,2.0,0.0,0.0,0.0,0.0,11.0,0.0,1.0,2.0,0.0,0.0,4.0,0.0,2.0,0.0,8.0,0.0,0.0,0.0,0.0,9.0,0.0,3.0,2.0,2.0,8.0,0.0,0.0,0.0,0.0,0.0,1.0,0.0,1.0,14.0,0.0,0.0,0.0,0.0,0.0,0.0,1.0
43,51,876,http://www.wikidata.org/entity/Q34687,0.0,0.0,0.0,0.0,1.0,0.0,3.0,0.0,9.0,3.0,6.0,0.0,0.0,0.0,2.0,0.0,1.0,0.0,106.0,0.0,1.0,0.0,2.0,0.0,0.0,0.0,0.0,11.0,0.0,1.0,2.0,0.0,0.0,4.0,0.0,2.0,0.0,8.0,0.0,0.0,0.0,0.0,9.0,0.0,3.0,2.0,2.0,8.0,0.0,0.0,0.0,0.0,0.0,1.0,0.0,1.0,14.0,0.0,0.0,0.0,0.0,0.0,0.0,1.0
44,52,925,http://data.odeuropa.eu/vocabulary/olfactory-objects/370,0.0,0.0,0.0,0.0,0.0,0.0,0.0,0.0,0.0,0.0,0.0,0.0,0.0,0.0,0.0,0.0,0.0,0.0,2.0,0.0,0.0,0.0,0.0,0.0,0.0,0.0,1.0,0.0,0.0,1.0,0.0,0.0,0.0,0.0,0.0,0.0,0.0,0.0,0.0,0.0,0.0,0.0,0.0,0.0,1.0,0.0,3.0,11.0,0.0,0.0,0.0,0.0,0.0,0.0,0.0,0.0,7.0,0.0,0.0,0.0,0.0,0.0,0.0,0.0
45,53,926,http://www.wikidata.org/entity/Q40763,0.0,0.0,0.0,0.0,0.0,0.0,0.0,0.0,0.0,0.0,0.0,0.0,0.0,0.0,0.0,0.0,0.0,0.0,2.0,0.0,0.0,0.0,0.0,0.0,0.0,0.0,1.0,0.0,0.0,1.0,0.0,0.0,0.0,0.0,0.0,0.0,0.0,0.0,0.0,0.0,0.0,0.0,0.0,0.0,1.0,0.0,3.0,11.0,0.0,0.0,0.0,0.0,0.0,0.0,0.0,0.0,7.0,0.0,0.0,0.0,0.0,0.0,0.0,0.0
46,54,939,http://data.odeuropa.eu/vocabulary/olfactory-objects/138,0.0,0.0,0.0,0.0,1.0,0.0,3.0,0.0,9.0,3.0,6.0,0.0,0.0,0.0,2.0,0.0,1.0,0.0,106.0,0.0,1.0,0.0,2.0,0.0,0.0,0.0,0.0,11.0,0.0,1.0,2.0,0.0,0.0,4.0,0.0,2.0,0.0,8.0,0.0,0.0,0.0,0.0,9.0,0.0,3.0,2.0,2.0,8.0,0.0,0.0,0.0,0.0,0.0,1.0,0.0,1.0,14.0,0.0,0.0,0.0,0.0,0.0,0.0,1.0
47,55,940,http://www.wikidata.org/entity/Q34687,0.0,0.0,0.0,0.0,1.0,0.0,3.0,0.0,9.0,3.0,6.0,0.0,0.0,0.0,2.0,0.0,1.0,0.0,106.0,0.0,1.0,0.0,2.0,0.0,0.0,0.0,0.0,11.0,0.0,1.0,2.0,0.0,0.0,4.0,0.0,2.0,0.0,8.0,0.0,0.0,0.0,0.0,9.0,0.0,3.0,2.0,2.0,8.0,0.0,0.0,0.0,0.0,0.0,1.0,0.0,1.0,14.0,0.0,0.0,0.0,0.0,0.0,0.0,1.0
48,56,941,http://data.odeuropa.eu/vocabulary/olfactory-objects/87,0.0,0.0,0.0,0.0,0.0,0.0,1.0,0.0,2.0,0.0,2.0,0.0,0.0,0.0,0.0,0.0,0.0,0.0,13.0,0.0,0.0,0.0,0.0,0.0,0.0,0.0,0.0,2.0,0.0,1.0,1.0,0.0,0.0,0.0,0.0,0.0,0.0,0.0,1.0,0.0,0.0,0.0,0.0,0.0,0.0,0.0,2.0,1.0,0.0,0.0,0.0,0.0,0.0,0.0,0.0,0.0,4.0,1.0,0.0,0.0,0.0,0.0,0.0,0.0
49,57,942,http://www.wikidata.org/entity/Q336989,0.0,0.0,0.0,0.0,0.0,0.0,1.0,0.0,2.0,0.0,2.0,0.0,0.0,0.0,0.0,0.0,0.0,0.0,13.0,0.0,0.0,0.0,0.0,0.0,0.0,0.0,0.0,2.0,0.0,1.0,1.0,0.0,0.0,0.0,0.0,0.0,0.0,0.0,1.0,0.0,0.0,0.0,0.0,0.0,0.0,0.0,2.0,1.0,0.0,0.0,0.0,0.0,0.0,0.0,0.0,0.0,4.0,1.0,0.0,0.0,0.0,0.0,0.0,0.0
50,58,957,http://data.odeuropa.eu/vocabulary/olfactory-objects/214,0.0,1.0,0.0,0.0,0.0,0.0,2.0,0.0,2.0,0.0,0.0,0.0,0.0,0.0,0.0,0.0,0.0,0.0,6.0,0.0,0.0,0.0,0.0,0.0,0.0,0.0,0.0,1.0,0.0,1.0,1.0,0.0,0.0,0.0,0.0,0.0,0.0,1.0,0.0,0.0,0.0,0.0,0.0,0.0,0.0,0.0,1.0,2.0,0.0,0.0,0.0,0.0,0.0,0.0,0.0,1.0,6.0,0.0,0.0,0.0,0.0,1.0,1.0,0.0
51,59,958,http://www.wikidata.org/entity/Q15622897,0.0,1.0,0.0,0.0,0.0,0.0,2.0,0.0,2.0,0.0,0.0,0.0,0.0,0.0,0.0,0.0,0.0,0.0,6.0,0.0,0.0,0.0,0.0,0.0,0.0,0.0,0.0,1.0,0.0,1.0,1.0,0.0,0.0,0.0,0.0,0.0,0.0,1.0,0.0,0.0,0.0,0.0,0.0,0.0,0.0,0.0,1.0,2.0,0.0,0.0,0.0,0.0,0.0,0.0,0.0,1.0,6.0,0.0,0.0,0.0,0.0,1.0,1.0,0.0
52,62,986,http://data.odeuropa.eu/vocabulary/olfactory-objects/300,0.0,0.0,0.0,0.0,0.0,0.0,0.0,0.0,0.0,0.0,0.0,0.0,0.0,0.0,0.0,0.0,0.0,0.0,0.0,0.0,0.0,0.0,0.0,0.0,0.0,0.0,0.0,0.0,0.0,1.0,2.0,0.0,0.0,0.0,0.0,0.0,0.0,0.0,0.0,0.0,0.0,0.0,0.0,0.0,0.0,0.0,0.0,0.0,0.0,0.0,0.0,0.0,0.0,0.0,0.0,0.0,1.0,0.0,0.0,0.0,0.0,0.0,0.0,1.0
53,63,987,http://www.wikidata.org/entity/Q10998,0.0,0.0,0.0,0.0,0.0,0.0,0.0,0.0,0.0,0.0,0.0,0.0,0.0,0.0,0.0,0.0,0.0,0.0,0.0,0.0,0.0,0.0,0.0,0.0,0.0,0.0,0.0,0.0,0.0,1.0,2.0,0.0,0.0,0.0,0.0,0.0,0.0,0.0,0.0,0.0,0.0,0.0,0.0,0.0,0.0,0.0,0.0,0.0,0.0,0.0,0.0,0.0,0.0,0.0,0.0,0.0,1.0,0.0,0.0,0.0,0.0,0.0,0.0,1.0
54,64,988,http://data.odeuropa.eu/vocabulary/olfactory-objects/311,0.0,0.0,0.0,0.0,0.0,0.0,0.0,0.0,0.0,0.0,1.0,0.0,0.0,0.0,0.0,0.0,0.0,0.0,0.0,0.0,0.0,0.0,0.0,0.0,0.0,0.0,0.0,0.0,0.0,1.0,0.0,0.0,0.0,0.0,0.0,0.0,0.0,0.0,0.0,0.0,0.0,0.0,0.0,0.0,0.0,0.0,0.0,1.0,0.0,0.0,0.0,0.0,0.0,0.0,0.0,0.0,2.0,0.0,0.0,0.0,0.0,0.0,0.0,0.0
55,65,989,http://www.wikidata.org/entity/Q14328596,0.0,0.0,0.0,0.0,0.0,0.0,0.0,0.0,0.0,0.0,1.0,0.0,0.0,0.0,0.0,0.0,0.0,0.0,0.0,0.0,0.0,0.0,0.0,0.0,0.0,0.0,0.0,0.0,0.0,1.0,0.0,0.0,0.0,0.0,0.0,0.0,0.0,0.0,0.0,0.0,0.0,0.0,0.0,0.0,0.0,0.0,0.0,1.0,0.0,0.0,0.0,0.0,0.0,0.0,0.0,0.0,2.0,0.0,0.0,0.0,0.0,0.0,0.0,0.0
56,68,992,http://data.odeuropa.eu/vocabulary/olfactory-objects/138,0.0,0.0,0.0,0.0,1.0,0.0,3.0,0.0,9.0,3.0,6.0,0.0,0.0,0.0,2.0,0.0,1.0,0.0,106.0,0.0,1.0,0.0,2.0,0.0,0.0,0.0,0.0,11.0,0.0,1.0,2.0,0.0,0.0,4.0,0.0,2.0,0.0,8.0,0.0,0.0,0.0,0.0,9.0,0.0,3.0,2.0,2.0,8.0,0.0,0.0,0.0,0.0,0.0,1.0,0.0,1.0,14.0,0.0,0.0,0.0,0.0,0.0,0.0,1.0
57,69,993,http://www.wikidata.org/entity/Q34687,0.0,0.0,0.0,0.0,1.0,0.0,3.0,0.0,9.0,3.0,6.0,0.0,0.0,0.0,2.0,0.0,1.0,0.0,106.0,0.0,1.0,0.0,2.0,0.0,0.0,0.0,0.0,11.0,0.0,1.0,2.0,0.0,0.0,4.0,0.0,2.0,0.0,8.0,0.0,0.0,0.0,0.0,9.0,0.0,3.0,2.0,2.0,8.0,0.0,0.0,0.0,0.0,0.0,1.0,0.0,1.0,14.0,0.0,0.0,0.0,0.0,0.0,0.0,1.0
58,70,994,http://data.odeuropa.eu/vocabulary/olfactory-objects/370,0.0,0.0,0.0,0.0,0.0,0.0,0.0,0.0,0.0,0.0,0.0,0.0,0.0,0.0,0.0,0.0,0.0,0.0,2.0,0.0,0.0,0.0,0.0,0.0,0.0,0.0,1.0,0.0,0.0,1.0,0.0,0.0,0.0,0.0,0.0,0.0,0.0,0.0,0.0,0.0,0.0,0.0,0.0,0.0,1.0,0.0,3.0,11.0,0.0,0.0,0.0,0.0,0.0,0.0,0.0,0.0,7.0,0.0,0.0,0.0,0.0,0.0,0.0,0.0
59,71,995,http://www.wikidata.org/entity/Q40763,0.0,0.0,0.0,0.0,0.0,0.0,0.0,0.0,0.0,0.0,0.0,0.0,0.0,0.0,0.0,0.0,0.0,0.0,2.0,0.0,0.0,0.0,0.0,0.0,0.0,0.0,1.0,0.0,0.0,1.0,0.0,0.0,0.0,0.0,0.0,0.0,0.0,0.0,0.0,0.0,0.0,0.0,0.0,0.0,1.0,0.0,3.0,11.0,0.0,0.0,0.0,0.0,0.0,0.0,0.0,0.0,7.0,0.0,0.0,0.0,0.0,0.0,0.0,0.0
60,72,996,http://data.odeuropa.eu/vocabulary/olfactory-objects/87,0.0,0.0,0.0,0.0,0.0,0.0,1.0,0.0,2.0,0.0,2.0,0.0,0.0,0.0,0.0,0.0,0.0,0.0,13.0,0.0,0.0,0.0,0.0,0.0,0.0,0.0,0.0,2.0,0.0,1.0,1.0,0.0,0.0,0.0,0.0,0.0,0.0,0.0,1.0,0.0,0.0,0.0,0.0,0.0,0.0,0.0,2.0,1.0,0.0,0.0,0.0,0.0,0.0,0.0,0.0,0.0,4.0,1.0,0.0,0.0,0.0,0.0,0.0,0.0
61,73,997,http://www.wikidata.org/entity/Q336989,0.0,0.0,0.0,0.0,0.0,0.0,1.0,0.0,2.0,0.0,2.0,0.0,0.0,0.0,0.0,0.0,0.0,0.0,13.0,0.0,0.0,0.0,0.0,0.0,0.0,0.0,0.0,2.0,0.0,1.0,1.0,0.0,0.0,0.0,0.0,0.0,0.0,0.0,1.0,0.0,0.0,0.0,0.0,0.0,0.0,0.0,2.0,1.0,0.0,0.0,0.0,0.0,0.0,0.0,0.0,0.0,4.0,1.0,0.0,0.0,0.0,0.0,0.0,0.0
62,74,998,http://data.odeuropa.eu/vocabulary/olfactory-objects/214,0.0,1.0,0.0,0.0,0.0,0.0,2.0,0.0,2.0,0.0,0.0,0.0,0.0,0.0,0.0,0.0,0.0,0.0,6.0,0.0,0.0,0.0,0.0,0.0,0.0,0.0,0.0,1.0,0.0,1.0,1.0,0.0,0.0,0.0,0.0,0.0,0.0,1.0,0.0,0.0,0.0,0.0,0.0,0.0,0.0,0.0,1.0,2.0,0.0,0.0,0.0,0.0,0.0,0.0,0.0,1.0,6.0,0.0,0.0,0.0,0.0,1.0,1.0,0.0
63,75,999,http://www.wikidata.org/entity/Q15622897,0.0,1.0,0.0,0.0,0.0,0.0,2.0,0.0,2.0,0.0,0.0,0.0,0.0,0.0,0.0,0.0,0.0,0.0,6.0,0.0,0.0,0.0,0.0,0.0,0.0,0.0,0.0,1.0,0.0,1.0,1.0,0.0,0.0,0.0,0.0,0.0,0.0,1.0,0.0,0.0,0.0,0.0,0.0,0.0,0.0,0.0,1.0,2.0,0.0,0.0,0.0,0.0,0.0,0.0,0.0,1.0,6.0,0.0,0.0,0.0,0.0,1.0,1.0,0.0
64,76,1000,http://data.odeuropa.eu/vocabulary/olfactory-objects/88,0.0,0.0,0.0,0.0,0.0,0.0,2.0,0.0,0.0,0.0,0.0,0.0,0.0,0.0,0.0,0.0,0.0,0.0,19.0,0.0,0.0,0.0,0.0,0.0,0.0,0.0,0.0,0.0,0.0,1.0,0.0,0.0,0.0,0.0,0.0,0.0,0.0,5.0,0.0,0.0,0.0,0.0,1.0,0.0,2.0,0.0,4.0,11.0,0.0,0.0,0.0,0.0,0.0,1.0,0.0,0.0,17.0,1.0,0.0,0.0,0.0,0.0,2.0,0.0
65,77,1001,http://www.wikidata.org/entity/Q207123,0.0,0.0,0.0,0.0,0.0,0.0,2.0,0.0,0.0,0.0,0.0,0.0,0.0,0.0,0.0,0.0,0.0,0.0,19.0,0.0,0.0,0.0,0.0,0.0,0.0,0.0,0.0,0.0,0.0,1.0,0.0,0.0,0.0,0.0,0.0,0.0,0.0,5.0,0.0,0.0,0.0,0.0,1.0,0.0,2.0,0.0,4.0,11.0,0.0,0.0,0.0,0.0,0.0,1.0,0.0,0.0,17.0,1.0,0.0,0.0,0.0,0.0,2.0,0.0
66,80,1037,http://data.odeuropa.eu/vocabulary/olfactory-objects/87,0.0,0.0,0.0,0.0,0.0,0.0,1.0,0.0,2.0,0.0,2.0,0.0,0.0,0.0,0.0,0.0,0.0,0.0,13.0,0.0,0.0,0.0,0.0,0.0,0.0,0.0,0.0,2.0,0.0,1.0,1.0,0.0,0.0,0.0,0.0,0.0,0.0,0.0,1.0,0.0,0.0,0.0,0.0,0.0,0.0,0.0,2.0,1.0,0.0,0.0,0.0,0.0,0.0,0.0,0.0,0.0,4.0,1.0,0.0,0.0,0.0,0.0,0.0,0.0
67,81,1038,http://www.wikidata.org/entity/Q336989,0.0,0.0,0.0,0.0,0.0,0.0,1.0,0.0,2.0,0.0,2.0,0.0,0.0,0.0,0.0,0.0,0.0,0.0,13.0,0.0,0.0,0.0,0.0,0.0,0.0,0.0,0.0,2.0,0.0,1.0,1.0,0.0,0.0,0.0,0.0,0.0,0.0,0.0,1.0,0.0,0.0,0.0,0.0,0.0,0.0,0.0,2.0,1.0,0.0,0.0,0.0,0.0,0.0,0.0,0.0,0.0,4.0,1.0,0.0,0.0,0.0,0.0,0.0,0.0
68,82,1045,http://data.odeuropa.eu/vocabulary/olfactory-objects/300,0.0,0.0,0.0,0.0,0.0,0.0,0.0,0.0,0.0,0.0,0.0,0.0,0.0,0.0,0.0,0.0,0.0,0.0,0.0,0.0,0.0,0.0,0.0,0.0,0.0,0.0,0.0,0.0,0.0,1.0,2.0,0.0,0.0,0.0,0.0,0.0,0.0,0.0,0.0,0.0,0.0,0.0,0.0,0.0,0.0,0.0,0.0,0.0,0.0,0.0,0.0,0.0,0.0,0.0,0.0,0.0,1.0,0.0,0.0,0.0,0.0,0.0,0.0,1.0
69,83,1046,http://www.wikidata.org/entity/Q10998,0.0,0.0,0.0,0.0,0.0,0.0,0.0,0.0,0.0,0.0,0.0,0.0,0.0,0.0,0.0,0.0,0.0,0.0,0.0,0.0,0.0,0.0,0.0,0.0,0.0,0.0,0.0,0.0,0.0,1.0,2.0,0.0,0.0,0.0,0.0,0.0,0.0,0.0,0.0,0.0,0.0,0.0,0.0,0.0,0.0,0.0,0.0,0.0,0.0,0.0,0.0,0.0,0.0,0.0,0.0,0.0,1.0,0.0,0.0,0.0,0.0,0.0,0.0,1.0
70,84,1091,http://data.odeuropa.eu/vocabulary/olfactory-objects/138,0.0,0.0,0.0,0.0,1.0,0.0,3.0,0.0,9.0,3.0,6.0,0.0,0.0,0.0,2.0,0.0,1.0,0.0,106.0,0.0,1.0,0.0,2.0,0.0,0.0,0.0,0.0,11.0,0.0,1.0,2.0,0.0,0.0,4.0,0.0,2.0,0.0,8.0,0.0,0.0,0.0,0.0,9.0,0.0,3.0,2.0,2.0,8.0,0.0,0.0,0.0,0.0,0.0,1.0,0.0,1.0,14.0,0.0,0.0,0.0,0.0,0.0,0.0,1.0
71,85,1092,http://www.wikidata.org/entity/Q34687,0.0,0.0,0.0,0.0,1.0,0.0,3.0,0.0,9.0,3.0,6.0,0.0,0.0,0.0,2.0,0.0,1.0,0.0,106.0,0.0,1.0,0.0,2.0,0.0,0.0,0.0,0.0,11.0,0.0,1.0,2.0,0.0,0.0,4.0,0.0,2.0,0.0,8.0,0.0,0.0,0.0,0.0,9.0,0.0,3.0,2.0,2.0,8.0,0.0,0.0,0.0,0.0,0.0,1.0,0.0,1.0,14.0,0.0,0.0,0.0,0.0,0.0,0.0,1.0
72,86,1110,http://data.odeuropa.eu/vocabulary/olfactory-objects/214,0.0,1.0,0.0,0.0,0.0,0.0,2.0,0.0,2.0,0.0,0.0,0.0,0.0,0.0,0.0,0.0,0.0,0.0,6.0,0.0,0.0,0.0,0.0,0.0,0.0,0.0,0.0,1.0,0.0,1.0,1.0,0.0,0.0,0.0,0.0,0.0,0.0,1.0,0.0,0.0,0.0,0.0,0.0,0.0,0.0,0.0,1.0,2.0,0.0,0.0,0.0,0.0,0.0,0.0,0.0,1.0,6.0,0.0,0.0,0.0,0.0,1.0,1.0,0.0
73,87,1111,http://www.wikidata.org/entity/Q15622897,0.0,1.0,0.0,0.0,0.0,0.0,2.0,0.0,2.0,0.0,0.0,0.0,0.0,0.0,0.0,0.0,0.0,0.0,6.0,0.0,0.0,0.0,0.0,0.0,0.0,0.0,0.0,1.0,0.0,1.0,1.0,0.0,0.0,0.0,0.0,0.0,0.0,1.0,0.0,0.0,0.0,0.0,0.0,0.0,0.0,0.0,1.0,2.0,0.0,0.0,0.0,0.0,0.0,0.0,0.0,1.0,6.0,0.0,0.0,0.0,0.0,1.0,1.0,0.0
74,88,1161,http://data.odeuropa.eu/vocabulary/olfactory-objects/138,0.0,0.0,0.0,0.0,1.0,0.0,3.0,0.0,9.0,3.0,6.0,0.0,0.0,0.0,2.0,0.0,1.0,0.0,106.0,0.0,1.0,0.0,2.0,0.0,0.0,0.0,0.0,11.0,0.0,1.0,2.0,0.0,0.0,4.0,0.0,2.0,0.0,8.0,0.0,0.0,0.0,0.0,9.0,0.0,3.0,2.0,2.0,8.0,0.0,0.0,0.0,0.0,0.0,1.0,0.0,1.0,14.0,0.0,0.0,0.0,0.0,0.0,0.0,1.0
75,89,1162,http://www.wikidata.org/entity/Q34687,0.0,0.0,0.0,0.0,1.0,0.0,3.0,0.0,9.0,3.0,6.0,0.0,0.0,0.0,2.0,0.0,1.0,0.0,106.0,0.0,1.0,0.0,2.0,0.0,0.0,0.0,0.0,11.0,0.0,1.0,2.0,0.0,0.0,4.0,0.0,2.0,0.0,8.0,0.0,0.0,0.0,0.0,9.0,0.0,3.0,2.0,2.0,8.0,0.0,0.0,0.0,0.0,0.0,1.0,0.0,1.0,14.0,0.0,0.0,0.0,0.0,0.0,0.0,1.0
76,90,1193,http://data.odeuropa.eu/vocabulary/olfactory-objects/138,0.0,0.0,0.0,0.0,1.0,0.0,3.0,0.0,9.0,3.0,6.0,0.0,0.0,0.0,2.0,0.0,1.0,0.0,106.0,0.0,1.0,0.0,2.0,0.0,0.0,0.0,0.0,11.0,0.0,1.0,2.0,0.0,0.0,4.0,0.0,2.0,0.0,8.0,0.0,0.0,0.0,0.0,9.0,0.0,3.0,2.0,2.0,8.0,0.0,0.0,0.0,0.0,0.0,1.0,0.0,1.0,14.0,0.0,0.0,0.0,0.0,0.0,0.0,1.0
77,91,1194,http://www.wikidata.org/entity/Q34687,0.0,0.0,0.0,0.0,1.0,0.0,3.0,0.0,9.0,3.0,6.0,0.0,0.0,0.0,2.0,0.0,1.0,0.0,106.0,0.0,1.0,0.0,2.0,0.0,0.0,0.0,0.0,11.0,0.0,1.0,2.0,0.0,0.0,4.0,0.0,2.0,0.0,8.0,0.0,0.0,0.0,0.0,9.0,0.0,3.0,2.0,2.0,8.0,0.0,0.0,0.0,0.0,0.0,1.0,0.0,1.0,14.0,0.0,0.0,0.0,0.0,0.0,0.0,1.0
78,92,1267,http://data.odeuropa.eu/vocabulary/olfactory-objects/138,0.0,0.0,0.0,0.0,1.0,0.0,3.0,0.0,9.0,3.0,6.0,0.0,0.0,0.0,2.0,0.0,1.0,0.0,106.0,0.0,1.0,0.0,2.0,0.0,0.0,0.0,0.0,11.0,0.0,1.0,2.0,0.0,0.0,4.0,0.0,2.0,0.0,8.0,0.0,0.0,0.0,0.0,9.0,0.0,3.0,2.0,2.0,8.0,0.0,0.0,0.0,0.0,0.0,1.0,0.0,1.0,14.0,0.0,0.0,0.0,0.0,0.0,0.0,1.0
79,93,1268,http://www.wikidata.org/entity/Q34687,0.0,0.0,0.0,0.0,1.0,0.0,3.0,0.0,9.0,3.0,6.0,0.0,0.0,0.0,2.0,0.0,1.0,0.0,106.0,0.0,1.0,0.0,2.0,0.0,0.0,0.0,0.0,11.0,0.0,1.0,2.0,0.0,0.0,4.0,0.0,2.0,0.0,8.0,0.0,0.0,0.0,0.0,9.0,0.0,3.0,2.0,2.0,8.0,0.0,0.0,0.0,0.0,0.0,1.0,0.0,1.0,14.0,0.0,0.0,0.0,0.0,0.0,0.0,1.0
80,94,1290,http://data.odeuropa.eu/vocabulary/olfactory-objects/88,0.0,0.0,0.0,0.0,0.0,0.0,2.0,0.0,0.0,0.0,0.0,0.0,0.0,0.0,0.0,0.0,0.0,0.0,19.0,0.0,0.0,0.0,0.0,0.0,0.0,0.0,0.0,0.0,0.0,1.0,0.0,0.0,0.0,0.0,0.0,0.0,0.0,5.0,0.0,0.0,0.0,0.0,1.0,0.0,2.0,0.0,4.0,11.0,0.0,0.0,0.0,0.0,0.0,1.0,0.0,0.0,17.0,1.0,0.0,0.0,0.0,0.0,2.0,0.0
81,95,1291,http://www.wikidata.org/entity/Q207123,0.0,0.0,0.0,0.0,0.0,0.0,2.0,0.0,0.0,0.0,0.0,0.0,0.0,0.0,0.0,0.0,0.0,0.0,19.0,0.0,0.0,0.0,0.0,0.0,0.0,0.0,0.0,0.0,0.0,1.0,0.0,0.0,0.0,0.0,0.0,0.0,0.0,5.0,0.0,0.0,0.0,0.0,1.0,0.0,2.0,0.0,4.0,11.0,0.0,0.0,0.0,0.0,0.0,1.0,0.0,0.0,17.0,1.0,0.0,0.0,0.0,0.0,2.0,0.0
82,96,1304,http://data.odeuropa.eu/vocabulary/olfactory-objects/214,0.0,1.0,0.0,0.0,0.0,0.0,2.0,0.0,2.0,0.0,0.0,0.0,0.0,0.0,0.0,0.0,0.0,0.0,6.0,0.0,0.0,0.0,0.0,0.0,0.0,0.0,0.0,1.0,0.0,1.0,1.0,0.0,0.0,0.0,0.0,0.0,0.0,1.0,0.0,0.0,0.0,0.0,0.0,0.0,0.0,0.0,1.0,2.0,0.0,0.0,0.0,0.0,0.0,0.0,0.0,1.0,6.0,0.0,0.0,0.0,0.0,1.0,1.0,0.0
83,97,1305,http://www.wikidata.org/entity/Q15622897,0.0,1.0,0.0,0.0,0.0,0.0,2.0,0.0,2.0,0.0,0.0,0.0,0.0,0.0,0.0,0.0,0.0,0.0,6.0,0.0,0.0,0.0,0.0,0.0,0.0,0.0,0.0,1.0,0.0,1.0,1.0,0.0,0.0,0.0,0.0,0.0,0.0,1.0,0.0,0.0,0.0,0.0,0.0,0.0,0.0,0.0,1.0,2.0,0.0,0.0,0.0,0.0,0.0,0.0,0.0,1.0,6.0,0.0,0.0,0.0,0.0,1.0,1.0,0.0
84,100,1352,http://data.odeuropa.eu/vocabulary/olfactory-objects/87,0.0,0.0,0.0,0.0,0.0,0.0,1.0,0.0,2.0,0.0,2.0,0.0,0.0,0.0,0.0,0.0,0.0,0.0,13.0,0.0,0.0,0.0,0.0,0.0,0.0,0.0,0.0,2.0,0.0,1.0,1.0,0.0,0.0,0.0,0.0,0.0,0.0,0.0,1.0,0.0,0.0,0.0,0.0,0.0,0.0,0.0,2.0,1.0,0.0,0.0,0.0,0.0,0.0,0.0,0.0,0.0,4.0,1.0,0.0,0.0,0.0,0.0,0.0,0.0
85,101,1353,http://www.wikidata.org/entity/Q336989,0.0,0.0,0.0,0.0,0.0,0.0,1.0,0.0,2.0,0.0,2.0,0.0,0.0,0.0,0.0,0.0,0.0,0.0,13.0,0.0,0.0,0.0,0.0,0.0,0.0,0.0,0.0,2.0,0.0,1.0,1.0,0.0,0.0,0.0,0.0,0.0,0.0,0.0,1.0,0.0,0.0,0.0,0.0,0.0,0.0,0.0,2.0,1.0,0.0,0.0,0.0,0.0,0.0,0.0,0.0,0.0,4.0,1.0,0.0,0.0,0.0,0.0,0.0,0.0
86,102,1359,http://data.odeuropa.eu/vocabulary/olfactory-objects/138,0.0,0.0,0.0,0.0,1.0,0.0,3.0,0.0,9.0,3.0,6.0,0.0,0.0,0.0,2.0,0.0,1.0,0.0,106.0,0.0,1.0,0.0,2.0,0.0,0.0,0.0,0.0,11.0,0.0,1.0,2.0,0.0,0.0,4.0,0.0,2.0,0.0,8.0,0.0,0.0,0.0,0.0,9.0,0.0,3.0,2.0,2.0,8.0,0.0,0.0,0.0,0.0,0.0,1.0,0.0,1.0,14.0,0.0,0.0,0.0,0.0,0.0,0.0,1.0
87,103,1360,http://www.wikidata.org/entity/Q34687,0.0,0.0,0.0,0.0,1.0,0.0,3.0,0.0,9.0,3.0,6.0,0.0,0.0,0.0,2.0,0.0,1.0,0.0,106.0,0.0,1.0,0.0,2.0,0.0,0.0,0.0,0.0,11.0,0.0,1.0,2.0,0.0,0.0,4.0,0.0,2.0,0.0,8.0,0.0,0.0,0.0,0.0,9.0,0.0,3.0,2.0,2.0,8.0,0.0,0.0,0.0,0.0,0.0,1.0,0.0,1.0,14.0,0.0,0.0,0.0,0.0,0.0,0.0,1.0
88,104,1376,http://data.odeuropa.eu/vocabulary/olfactory-objects/88,0.0,0.0,0.0,0.0,0.0,0.0,2.0,0.0,0.0,0.0,0.0,0.0,0.0,0.0,0.0,0.0,0.0,0.0,19.0,0.0,0.0,0.0,0.0,0.0,0.0,0.0,0.0,0.0,0.0,1.0,0.0,0.0,0.0,0.0,0.0,0.0,0.0,5.0,0.0,0.0,0.0,0.0,1.0,0.0,2.0,0.0,4.0,11.0,0.0,0.0,0.0,0.0,0.0,1.0,0.0,0.0,17.0,1.0,0.0,0.0,0.0,0.0,2.0,0.0
89,105,1377,http://www.wikidata.org/entity/Q207123,0.0,0.0,0.0,0.0,0.0,0.0,2.0,0.0,0.0,0.0,0.0,0.0,0.0,0.0,0.0,0.0,0.0,0.0,19.0,0.0,0.0,0.0,0.0,0.0,0.0,0.0,0.0,0.0,0.0,1.0,0.0,0.0,0.0,0.0,0.0,0.0,0.0,5.0,0.0,0.0,0.0,0.0,1.0,0.0,2.0,0.0,4.0,11.0,0.0,0.0,0.0,0.0,0.0,1.0,0.0,0.0,17.0,1.0,0.0,0.0,0.0,0.0,2.0,0.0
90,106,1388,http://data.odeuropa.eu/vocabulary/olfactory-objects/88,0.0,0.0,0.0,0.0,0.0,0.0,2.0,0.0,0.0,0.0,0.0,0.0,0.0,0.0,0.0,0.0,0.0,0.0,19.0,0.0,0.0,0.0,0.0,0.0,0.0,0.0,0.0,0.0,0.0,1.0,0.0,0.0,0.0,0.0,0.0,0.0,0.0,5.0,0.0,0.0,0.0,0.0,1.0,0.0,2.0,0.0,4.0,11.0,0.0,0.0,0.0,0.0,0.0,1.0,0.0,0.0,17.0,1.0,0.0,0.0,0.0,0.0,2.0,0.0
91,107,1389,http://www.wikidata.org/entity/Q207123,0.0,0.0,0.0,0.0,0.0,0.0,2.0,0.0,0.0,0.0,0.0,0.0,0.0,0.0,0.0,0.0,0.0,0.0,19.0,0.0,0.0,0.0,0.0,0.0,0.0,0.0,0.0,0.0,0.0,1.0,0.0,0.0,0.0,0.0,0.0,0.0,0.0,5.0,0.0,0.0,0.0,0.0,1.0,0.0,2.0,0.0,4.0,11.0,0.0,0.0,0.0,0.0,0.0,1.0,0.0,0.0,17.0,1.0,0.0,0.0,0.0,0.0,2.0,0.0
92,108,1398,http://data.odeuropa.eu/vocabulary/olfactory-objects/138,0.0,0.0,0.0,0.0,1.0,0.0,3.0,0.0,9.0,3.0,6.0,0.0,0.0,0.0,2.0,0.0,1.0,0.0,106.0,0.0,1.0,0.0,2.0,0.0,0.0,0.0,0.0,11.0,0.0,1.0,2.0,0.0,0.0,4.0,0.0,2.0,0.0,8.0,0.0,0.0,0.0,0.0,9.0,0.0,3.0,2.0,2.0,8.0,0.0,0.0,0.0,0.0,0.0,1.0,0.0,1.0,14.0,0.0,0.0,0.0,0.0,0.0,0.0,1.0
93,109,1399,http://www.wikidata.org/entity/Q34687,0.0,0.0,0.0,0.0,1.0,0.0,3.0,0.0,9.0,3.0,6.0,0.0,0.0,0.0,2.0,0.0,1.0,0.0,106.0,0.0,1.0,0.0,2.0,0.0,0.0,0.0,0.0,11.0,0.0,1.0,2.0,0.0,0.0,4.0,0.0,2.0,0.0,8.0,0.0,0.0,0.0,0.0,9.0,0.0,3.0,2.0,2.0,8.0,0.0,0.0,0.0,0.0,0.0,1.0,0.0,1.0,14.0,0.0,0.0,0.0,0.0,0.0,0.0,1.0
94,110,1414,http://data.odeuropa.eu/vocabulary/olfactory-objects/370,0.0,0.0,0.0,0.0,0.0,0.0,0.0,0.0,0.0,0.0,0.0,0.0,0.0,0.0,0.0,0.0,0.0,0.0,2.0,0.0,0.0,0.0,0.0,0.0,0.0,0.0,1.0,0.0,0.0,1.0,0.0,0.0,0.0,0.0,0.0,0.0,0.0,0.0,0.0,0.0,0.0,0.0,0.0,0.0,1.0,0.0,3.0,11.0,0.0,0.0,0.0,0.0,0.0,0.0,0.0,0.0,7.0,0.0,0.0,0.0,0.0,0.0,0.0,0.0
95,111,1415,http://www.wikidata.org/entity/Q40763,0.0,0.0,0.0,0.0,0.0,0.0,0.0,0.0,0.0,0.0,0.0,0.0,0.0,0.0,0.0,0.0,0.0,0.0,2.0,0.0,0.0,0.0,0.0,0.0,0.0,0.0,1.0,0.0,0.0,1.0,0.0,0.0,0.0,0.0,0.0,0.0,0.0,0.0,0.0,0.0,0.0,0.0,0.0,0.0,1.0,0.0,3.0,11.0,0.0,0.0,0.0,0.0,0.0,0.0,0.0,0.0,7.0,0.0,0.0,0.0,0.0,0.0,0.0,0.0
96,112,1427,http://data.odeuropa.eu/vocabulary/olfactory-objects/138,0.0,0.0,0.0,0.0,1.0,0.0,3.0,0.0,9.0,3.0,6.0,0.0,0.0,0.0,2.0,0.0,1.0,0.0,106.0,0.0,1.0,0.0,2.0,0.0,0.0,0.0,0.0,11.0,0.0,1.0,2.0,0.0,0.0,4.0,0.0,2.0,0.0,8.0,0.0,0.0,0.0,0.0,9.0,0.0,3.0,2.0,2.0,8.0,0.0,0.0,0.0,0.0,0.0,1.0,0.0,1.0,14.0,0.0,0.0,0.0,0.0,0.0,0.0,1.0
97,113,1428,http://www.wikidata.org/entity/Q34687,0.0,0.0,0.0,0.0,1.0,0.0,3.0,0.0,9.0,3.0,6.0,0.0,0.0,0.0,2.0,0.0,1.0,0.0,106.0,0.0,1.0,0.0,2.0,0.0,0.0,0.0,0.0,11.0,0.0,1.0,2.0,0.0,0.0,4.0,0.0,2.0,0.0,8.0,0.0,0.0,0.0,0.0,9.0,0.0,3.0,2.0,2.0,8.0,0.0,0.0,0.0,0.0,0.0,1.0,0.0,1.0,14.0,0.0,0.0,0.0,0.0,0.0,0.0,1.0
98,116,1479,http://data.odeuropa.eu/vocabulary/olfactory-objects/88,0.0,0.0,0.0,0.0,0.0,0.0,2.0,0.0,0.0,0.0,0.0,0.0,0.0,0.0,0.0,0.0,0.0,0.0,19.0,0.0,0.0,0.0,0.0,0.0,0.0,0.0,0.0,0.0,0.0,1.0,0.0,0.0,0.0,0.0,0.0,0.0,0.0,5.0,0.0,0.0,0.0,0.0,1.0,0.0,2.0,0.0,4.0,11.0,0.0,0.0,0.0,0.0,0.0,1.0,0.0,0.0,17.0,1.0,0.0,0.0,0.0,0.0,2.0,0.0
99,117,1480,http://www.wikidata.org/entity/Q207123,0.0,0.0,0.0,0.0,0.0,0.0,2.0,0.0,0.0,0.0,0.0,0.0,0.0,0.0,0.0,0.0,0.0,0.0,19.0,0.0,0.0,0.0,0.0,0.0,0.0,0.0,0.0,0.0,0.0,1.0,0.0,0.0,0.0,0.0,0.0,0.0,0.0,5.0,0.0,0.0,0.0,0.0,1.0,0.0,2.0,0.0,4.0,11.0,0.0,0.0,0.0,0.0,0.0,1.0,0.0,0.0,17.0,1.0,0.0,0.0,0.0,0.0,2.0,0.0
100,118,1536,http://data.odeuropa.eu/vocabulary/olfactory-objects/138,0.0,0.0,0.0,0.0,1.0,0.0,3.0,0.0,9.0,3.0,6.0,0.0,0.0,0.0,2.0,0.0,1.0,0.0,106.0,0.0,1.0,0.0,2.0,0.0,0.0,0.0,0.0,11.0,0.0,1.0,2.0,0.0,0.0,4.0,0.0,2.0,0.0,8.0,0.0,0.0,0.0,0.0,9.0,0.0,3.0,2.0,2.0,8.0,0.0,0.0,0.0,0.0,0.0,1.0,0.0,1.0,14.0,0.0,0.0,0.0,0.0,0.0,0.0,1.0
101,119,1537,http://www.wikidata.org/entity/Q34687,0.0,0.0,0.0,0.0,1.0,0.0,3.0,0.0,9.0,3.0,6.0,0.0,0.0,0.0,2.0,0.0,1.0,0.0,106.0,0.0,1.0,0.0,2.0,0.0,0.0,0.0,0.0,11.0,0.0,1.0,2.0,0.0,0.0,4.0,0.0,2.0,0.0,8.0,0.0,0.0,0.0,0.0,9.0,0.0,3.0,2.0,2.0,8.0,0.0,0.0,0.0,0.0,0.0,1.0,0.0,1.0,14.0,0.0,0.0,0.0,0.0,0.0,0.0,1.0
102,120,1544,http://data.odeuropa.eu/vocabulary/olfactory-objects/214,0.0,1.0,0.0,0.0,0.0,0.0,2.0,0.0,2.0,0.0,0.0,0.0,0.0,0.0,0.0,0.0,0.0,0.0,6.0,0.0,0.0,0.0,0.0,0.0,0.0,0.0,0.0,1.0,0.0,1.0,1.0,0.0,0.0,0.0,0.0,0.0,0.0,1.0,0.0,0.0,0.0,0.0,0.0,0.0,0.0,0.0,1.0,2.0,0.0,0.0,0.0,0.0,0.0,0.0,0.0,1.0,6.0,0.0,0.0,0.0,0.0,1.0,1.0,0.0
103,121,1545,http://www.wikidata.org/entity/Q15622897,0.0,1.0,0.0,0.0,0.0,0.0,2.0,0.0,2.0,0.0,0.0,0.0,0.0,0.0,0.0,0.0,0.0,0.0,6.0,0.0,0.0,0.0,0.0,0.0,0.0,0.0,0.0,1.0,0.0,1.0,1.0,0.0,0.0,0.0,0.0,0.0,0.0,1.0,0.0,0.0,0.0,0.0,0.0,0.0,0.0,0.0,1.0,2.0,0.0,0.0,0.0,0.0,0.0,0.0,0.0,1.0,6.0,0.0,0.0,0.0,0.0,1.0,1.0,0.0
104,122,1559,http://data.odeuropa.eu/vocabulary/olfactory-objects/87,0.0,0.0,0.0,0.0,0.0,0.0,1.0,0.0,2.0,0.0,2.0,0.0,0.0,0.0,0.0,0.0,0.0,0.0,13.0,0.0,0.0,0.0,0.0,0.0,0.0,0.0,0.0,2.0,0.0,1.0,1.0,0.0,0.0,0.0,0.0,0.0,0.0,0.0,1.0,0.0,0.0,0.0,0.0,0.0,0.0,0.0,2.0,1.0,0.0,0.0,0.0,0.0,0.0,0.0,0.0,0.0,4.0,1.0,0.0,0.0,0.0,0.0,0.0,0.0
105,123,1560,http://www.wikidata.org/entity/Q336989,0.0,0.0,0.0,0.0,0.0,0.0,1.0,0.0,2.0,0.0,2.0,0.0,0.0,0.0,0.0,0.0,0.0,0.0,13.0,0.0,0.0,0.0,0.0,0.0,0.0,0.0,0.0,2.0,0.0,1.0,1.0,0.0,0.0,0.0,0.0,0.0,0.0,0.0,1.0,0.0,0.0,0.0,0.0,0.0,0.0,0.0,2.0,1.0,0.0,0.0,0.0,0.0,0.0,0.0,0.0,0.0,4.0,1.0,0.0,0.0,0.0,0.0,0.0,0.0
106,124,1568,http://data.odeuropa.eu/vocabulary/olfactory-objects/370,0.0,0.0,0.0,0.0,0.0,0.0,0.0,0.0,0.0,0.0,0.0,0.0,0.0,0.0,0.0,0.0,0.0,0.0,2.0,0.0,0.0,0.0,0.0,0.0,0.0,0.0,1.0,0.0,0.0,1.0,0.0,0.0,0.0,0.0,0.0,0.0,0.0,0.0,0.0,0.0,0.0,0.0,0.0,0.0,1.0,0.0,3.0,11.0,0.0,0.0,0.0,0.0,0.0,0.0,0.0,0.0,7.0,0.0,0.0,0.0,0.0,0.0,0.0,0.0
107,125,1569,http://www.wikidata.org/entity/Q40763,0.0,0.0,0.0,0.0,0.0,0.0,0.0,0.0,0.0,0.0,0.0,0.0,0.0,0.0,0.0,0.0,0.0,0.0,2.0,0.0,0.0,0.0,0.0,0.0,0.0,0.0,1.0,0.0,0.0,1.0,0.0,0.0,0.0,0.0,0.0,0.0,0.0,0.0,0.0,0.0,0.0,0.0,0.0,0.0,1.0,0.0,3.0,11.0,0.0,0.0,0.0,0.0,0.0,0.0,0.0,0.0,7.0,0.0,0.0,0.0,0.0,0.0,0.0,0.0
108,126,1599,http://data.odeuropa.eu/vocabulary/olfactory-objects/370,0.0,0.0,0.0,0.0,0.0,0.0,0.0,0.0,0.0,0.0,0.0,0.0,0.0,0.0,0.0,0.0,0.0,0.0,2.0,0.0,0.0,0.0,0.0,0.0,0.0,0.0,1.0,0.0,0.0,1.0,0.0,0.0,0.0,0.0,0.0,0.0,0.0,0.0,0.0,0.0,0.0,0.0,0.0,0.0,1.0,0.0,3.0,11.0,0.0,0.0,0.0,0.0,0.0,0.0,0.0,0.0,7.0,0.0,0.0,0.0,0.0,0.0,0.0,0.0
109,127,1600,http://www.wikidata.org/entity/Q40763,0.0,0.0,0.0,0.0,0.0,0.0,0.0,0.0,0.0,0.0,0.0,0.0,0.0,0.0,0.0,0.0,0.0,0.0,2.0,0.0,0.0,0.0,0.0,0.0,0.0,0.0,1.0,0.0,0.0,1.0,0.0,0.0,0.0,0.0,0.0,0.0,0.0,0.0,0.0,0.0,0.0,0.0,0.0,0.0,1.0,0.0,3.0,11.0,0.0,0.0,0.0,0.0,0.0,0.0,0.0,0.0,7.0,0.0,0.0,0.0,0.0,0.0,0.0,0.0
110,128,1613,http://data.odeuropa.eu/vocabulary/olfactory-objects/88,0.0,0.0,0.0,0.0,0.0,0.0,2.0,0.0,0.0,0.0,0.0,0.0,0.0,0.0,0.0,0.0,0.0,0.0,19.0,0.0,0.0,0.0,0.0,0.0,0.0,0.0,0.0,0.0,0.0,1.0,0.0,0.0,0.0,0.0,0.0,0.0,0.0,5.0,0.0,0.0,0.0,0.0,1.0,0.0,2.0,0.0,4.0,11.0,0.0,0.0,0.0,0.0,0.0,1.0,0.0,0.0,17.0,1.0,0.0,0.0,0.0,0.0,2.0,0.0
111,129,1614,http://www.wikidata.org/entity/Q207123,0.0,0.0,0.0,0.0,0.0,0.0,2.0,0.0,0.0,0.0,0.0,0.0,0.0,0.0,0.0,0.0,0.0,0.0,19.0,0.0,0.0,0.0,0.0,0.0,0.0,0.0,0.0,0.0,0.0,1.0,0.0,0.0,0.0,0.0,0.0,0.0,0.0,5.0,0.0,0.0,0.0,0.0,1.0,0.0,2.0,0.0,4.0,11.0,0.0,0.0,0.0,0.0,0.0,1.0,0.0,0.0,17.0,1.0,0.0,0.0,0.0,0.0,2.0,0.0
112,130,1625,http://data.odeuropa.eu/vocabulary/olfactory-objects/214,0.0,1.0,0.0,0.0,0.0,0.0,2.0,0.0,2.0,0.0,0.0,0.0,0.0,0.0,0.0,0.0,0.0,0.0,6.0,0.0,0.0,0.0,0.0,0.0,0.0,0.0,0.0,1.0,0.0,1.0,1.0,0.0,0.0,0.0,0.0,0.0,0.0,1.0,0.0,0.0,0.0,0.0,0.0,0.0,0.0,0.0,1.0,2.0,0.0,0.0,0.0,0.0,0.0,0.0,0.0,1.0,6.0,0.0,0.0,0.0,0.0,1.0,1.0,0.0
113,131,1626,http://www.wikidata.org/entity/Q15622897,0.0,1.0,0.0,0.0,0.0,0.0,2.0,0.0,2.0,0.0,0.0,0.0,0.0,0.0,0.0,0.0,0.0,0.0,6.0,0.0,0.0,0.0,0.0,0.0,0.0,0.0,0.0,1.0,0.0,1.0,1.0,0.0,0.0,0.0,0.0,0.0,0.0,1.0,0.0,0.0,0.0,0.0,0.0,0.0,0.0,0.0,1.0,2.0,0.0,0.0,0.0,0.0,0.0,0.0,0.0,1.0,6.0,0.0,0.0,0.0,0.0,1.0,1.0,0.0
114,134,1670,http://data.odeuropa.eu/vocabulary/olfactory-objects/87,0.0,0.0,0.0,0.0,0.0,0.0,1.0,0.0,2.0,0.0,2.0,0.0,0.0,0.0,0.0,0.0,0.0,0.0,13.0,0.0,0.0,0.0,0.0,0.0,0.0,0.0,0.0,2.0,0.0,1.0,1.0,0.0,0.0,0.0,0.0,0.0,0.0,0.0,1.0,0.0,0.0,0.0,0.0,0.0,0.0,0.0,2.0,1.0,0.0,0.0,0.0,0.0,0.0,0.0,0.0,0.0,4.0,1.0,0.0,0.0,0.0,0.0,0.0,0.0
115,135,1671,http://www.wikidata.org/entity/Q336989,0.0,0.0,0.0,0.0,0.0,0.0,1.0,0.0,2.0,0.0,2.0,0.0,0.0,0.0,0.0,0.0,0.0,0.0,13.0,0.0,0.0,0.0,0.0,0.0,0.0,0.0,0.0,2.0,0.0,1.0,1.0,0.0,0.0,0.0,0.0,0.0,0.0,0.0,1.0,0.0,0.0,0.0,0.0,0.0,0.0,0.0,2.0,1.0,0.0,0.0,0.0,0.0,0.0,0.0,0.0,0.0,4.0,1.0,0.0,0.0,0.0,0.0,0.0,0.0
116,136,1688,http://data.odeuropa.eu/vocabulary/olfactory-objects/311,0.0,0.0,0.0,0.0,0.0,0.0,0.0,0.0,0.0,0.0,1.0,0.0,0.0,0.0,0.0,0.0,0.0,0.0,0.0,0.0,0.0,0.0,0.0,0.0,0.0,0.0,0.0,0.0,0.0,1.0,0.0,0.0,0.0,0.0,0.0,0.0,0.0,0.0,0.0,0.0,0.0,0.0,0.0,0.0,0.0,0.0,0.0,1.0,0.0,0.0,0.0,0.0,0.0,0.0,0.0,0.0,2.0,0.0,0.0,0.0,0.0,0.0,0.0,0.0
117,137,1689,http://www.wikidata.org/entity/Q14328596,0.0,0.0,0.0,0.0,0.0,0.0,0.0,0.0,0.0,0.0,1.0,0.0,0.0,0.0,0.0,0.0,0.0,0.0,0.0,0.0,0.0,0.0,0.0,0.0,0.0,0.0,0.0,0.0,0.0,1.0,0.0,0.0,0.0,0.0,0.0,0.0,0.0,0.0,0.0,0.0,0.0,0.0,0.0,0.0,0.0,0.0,0.0,1.0,0.0,0.0,0.0,0.0,0.0,0.0,0.0,0.0,2.0,0.0,0.0,0.0,0.0,0.0,0.0,0.0
118,138,1726,http://data.odeuropa.eu/vocabulary/olfactory-objects/138,0.0,0.0,0.0,0.0,1.0,0.0,3.0,0.0,9.0,3.0,6.0,0.0,0.0,0.0,2.0,0.0,1.0,0.0,106.0,0.0,1.0,0.0,2.0,0.0,0.0,0.0,0.0,11.0,0.0,1.0,2.0,0.0,0.0,4.0,0.0,2.0,0.0,8.0,0.0,0.0,0.0,0.0,9.0,0.0,3.0,2.0,2.0,8.0,0.0,0.0,0.0,0.0,0.0,1.0,0.0,1.0,14.0,0.0,0.0,0.0,0.0,0.0,0.0,1.0
119,139,1727,http://www.wikidata.org/entity/Q34687,0.0,0.0,0.0,0.0,1.0,0.0,3.0,0.0,9.0,3.0,6.0,0.0,0.0,0.0,2.0,0.0,1.0,0.0,106.0,0.0,1.0,0.0,2.0,0.0,0.0,0.0,0.0,11.0,0.0,1.0,2.0,0.0,0.0,4.0,0.0,2.0,0.0,8.0,0.0,0.0,0.0,0.0,9.0,0.0,3.0,2.0,2.0,8.0,0.0,0.0,0.0,0.0,0.0,1.0,0.0,1.0,14.0,0.0,0.0,0.0,0.0,0.0,0.0,1.0
120,146,1919,http://data.odeuropa.eu/vocabulary/olfactory-objects/138,0.0,0.0,0.0,0.0,1.0,0.0,3.0,0.0,9.0,3.0,6.0,0.0,0.0,0.0,2.0,0.0,1.0,0.0,106.0,0.0,1.0,0.0,2.0,0.0,0.0,0.0,0.0,11.0,0.0,1.0,2.0,0.0,0.0,4.0,0.0,2.0,0.0,8.0,0.0,0.0,0.0,0.0,9.0,0.0,3.0,2.0,2.0,8.0,0.0,0.0,0.0,0.0,0.0,1.0,0.0,1.0,14.0,0.0,0.0,0.0,0.0,0.0,0.0,1.0
121,147,1920,http://www.wikidata.org/entity/Q34687,0.0,0.0,0.0,0.0,1.0,0.0,3.0,0.0,9.0,3.0,6.0,0.0,0.0,0.0,2.0,0.0,1.0,0.0,106.0,0.0,1.0,0.0,2.0,0.0,0.0,0.0,0.0,11.0,0.0,1.0,2.0,0.0,0.0,4.0,0.0,2.0,0.0,8.0,0.0,0.0,0.0,0.0,9.0,0.0,3.0,2.0,2.0,8.0,0.0,0.0,0.0,0.0,0.0,1.0,0.0,1.0,14.0,0.0,0.0,0.0,0.0,0.0,0.0,1.0
122,148,1927,http://data.odeuropa.eu/vocabulary/olfactory-objects/88,0.0,0.0,0.0,0.0,0.0,0.0,2.0,0.0,0.0,0.0,0.0,0.0,0.0,0.0,0.0,0.0,0.0,0.0,19.0,0.0,0.0,0.0,0.0,0.0,0.0,0.0,0.0,0.0,0.0,1.0,0.0,0.0,0.0,0.0,0.0,0.0,0.0,5.0,0.0,0.0,0.0,0.0,1.0,0.0,2.0,0.0,4.0,11.0,0.0,0.0,0.0,0.0,0.0,1.0,0.0,0.0,17.0,1.0,0.0,0.0,0.0,0.0,2.0,0.0
123,149,1928,http://www.wikidata.org/entity/Q207123,0.0,0.0,0.0,0.0,0.0,0.0,2.0,0.0,0.0,0.0,0.0,0.0,0.0,0.0,0.0,0.0,0.0,0.0,19.0,0.0,0.0,0.0,0.0,0.0,0.0,0.0,0.0,0.0,0.0,1.0,0.0,0.0,0.0,0.0,0.0,0.0,0.0,5.0,0.0,0.0,0.0,0.0,1.0,0.0,2.0,0.0,4.0,11.0,0.0,0.0,0.0,0.0,0.0,1.0,0.0,0.0,17.0,1.0,0.0,0.0,0.0,0.0,2.0,0.0
124,150,1980,http://data.odeuropa.eu/vocabulary/olfactory-objects/214,0.0,1.0,0.0,0.0,0.0,0.0,2.0,0.0,2.0,0.0,0.0,0.0,0.0,0.0,0.0,0.0,0.0,0.0,6.0,0.0,0.0,0.0,0.0,0.0,0.0,0.0,0.0,1.0,0.0,1.0,1.0,0.0,0.0,0.0,0.0,0.0,0.0,1.0,0.0,0.0,0.0,0.0,0.0,0.0,0.0,0.0,1.0,2.0,0.0,0.0,0.0,0.0,0.0,0.0,0.0,1.0,6.0,0.0,0.0,0.0,0.0,1.0,1.0,0.0
125,151,1981,http://www.wikidata.org/entity/Q15622897,0.0,1.0,0.0,0.0,0.0,0.0,2.0,0.0,2.0,0.0,0.0,0.0,0.0,0.0,0.0,0.0,0.0,0.0,6.0,0.0,0.0,0.0,0.0,0.0,0.0,0.0,0.0,1.0,0.0,1.0,1.0,0.0,0.0,0.0,0.0,0.0,0.0,1.0,0.0,0.0,0.0,0.0,0.0,0.0,0.0,0.0,1.0,2.0,0.0,0.0,0.0,0.0,0.0,0.0,0.0,1.0,6.0,0.0,0.0,0.0,0.0,1.0,1.0,0.0
126,152,1987,http://data.odeuropa.eu/vocabulary/olfactory-objects/138,0.0,0.0,0.0,0.0,1.0,0.0,3.0,0.0,9.0,3.0,6.0,0.0,0.0,0.0,2.0,0.0,1.0,0.0,106.0,0.0,1.0,0.0,2.0,0.0,0.0,0.0,0.0,11.0,0.0,1.0,2.0,0.0,0.0,4.0,0.0,2.0,0.0,8.0,0.0,0.0,0.0,0.0,9.0,0.0,3.0,2.0,2.0,8.0,0.0,0.0,0.0,0.0,0.0,1.0,0.0,1.0,14.0,0.0,0.0,0.0,0.0,0.0,0.0,1.0
127,153,1988,http://www.wikidata.org/entity/Q34687,0.0,0.0,0.0,0.0,1.0,0.0,3.0,0.0,9.0,3.0,6.0,0.0,0.0,0.0,2.0,0.0,1.0,0.0,106.0,0.0,1.0,0.0,2.0,0.0,0.0,0.0,0.0,11.0,0.0,1.0,2.0,0.0,0.0,4.0,0.0,2.0,0.0,8.0,0.0,0.0,0.0,0.0,9.0,0.0,3.0,2.0,2.0,8.0,0.0,0.0,0.0,0.0,0.0,1.0,0.0,1.0,14.0,0.0,0.0,0.0,0.0,0.0,0.0,1.0
128,154,2040,http://data.odeuropa.eu/vocabulary/olfactory-objects/88,0.0,0.0,0.0,0.0,0.0,0.0,2.0,0.0,0.0,0.0,0.0,0.0,0.0,0.0,0.0,0.0,0.0,0.0,19.0,0.0,0.0,0.0,0.0,0.0,0.0,0.0,0.0,0.0,0.0,1.0,0.0,0.0,0.0,0.0,0.0,0.0,0.0,5.0,0.0,0.0,0.0,0.0,1.0,0.0,2.0,0.0,4.0,11.0,0.0,0.0,0.0,0.0,0.0,1.0,0.0,0.0,17.0,1.0,0.0,0.0,0.0,0.0,2.0,0.0
129,155,2041,http://www.wikidata.org/entity/Q207123,0.0,0.0,0.0,0.0,0.0,0.0,2.0,0.0,0.0,0.0,0.0,0.0,0.0,0.0,0.0,0.0,0.0,0.0,19.0,0.0,0.0,0.0,0.0,0.0,0.0,0.0,0.0,0.0,0.0,1.0,0.0,0.0,0.0,0.0,0.0,0.0,0.0,5.0,0.0,0.0,0.0,0.0,1.0,0.0,2.0,0.0,4.0,11.0,0.0,0.0,0.0,0.0,0.0,1.0,0.0,0.0,17.0,1.0,0.0,0.0,0.0,0.0,2.0,0.0
130,158,2089,http://data.odeuropa.eu/vocabulary/olfactory-objects/87,0.0,0.0,0.0,0.0,0.0,0.0,1.0,0.0,2.0,0.0,2.0,0.0,0.0,0.0,0.0,0.0,0.0,0.0,13.0,0.0,0.0,0.0,0.0,0.0,0.0,0.0,0.0,2.0,0.0,1.0,1.0,0.0,0.0,0.0,0.0,0.0,0.0,0.0,1.0,0.0,0.0,0.0,0.0,0.0,0.0,0.0,2.0,1.0,0.0,0.0,0.0,0.0,0.0,0.0,0.0,0.0,4.0,1.0,0.0,0.0,0.0,0.0,0.0,0.0
131,159,2090,http://www.wikidata.org/entity/Q336989,0.0,0.0,0.0,0.0,0.0,0.0,1.0,0.0,2.0,0.0,2.0,0.0,0.0,0.0,0.0,0.0,0.0,0.0,13.0,0.0,0.0,0.0,0.0,0.0,0.0,0.0,0.0,2.0,0.0,1.0,1.0,0.0,0.0,0.0,0.0,0.0,0.0,0.0,1.0,0.0,0.0,0.0,0.0,0.0,0.0,0.0,2.0,1.0,0.0,0.0,0.0,0.0,0.0,0.0,0.0,0.0,4.0,1.0,0.0,0.0,0.0,0.0,0.0,0.0
132,160,2121,http://data.odeuropa.eu/vocabulary/olfactory-objects/138,0.0,0.0,0.0,0.0,1.0,0.0,3.0,0.0,9.0,3.0,6.0,0.0,0.0,0.0,2.0,0.0,1.0,0.0,106.0,0.0,1.0,0.0,2.0,0.0,0.0,0.0,0.0,11.0,0.0,1.0,2.0,0.0,0.0,4.0,0.0,2.0,0.0,8.0,0.0,0.0,0.0,0.0,9.0,0.0,3.0,2.0,2.0,8.0,0.0,0.0,0.0,0.0,0.0,1.0,0.0,1.0,14.0,0.0,0.0,0.0,0.0,0.0,0.0,1.0
133,161,2122,http://www.wikidata.org/entity/Q34687,0.0,0.0,0.0,0.0,1.0,0.0,3.0,0.0,9.0,3.0,6.0,0.0,0.0,0.0,2.0,0.0,1.0,0.0,106.0,0.0,1.0,0.0,2.0,0.0,0.0,0.0,0.0,11.0,0.0,1.0,2.0,0.0,0.0,4.0,0.0,2.0,0.0,8.0,0.0,0.0,0.0,0.0,9.0,0.0,3.0,2.0,2.0,8.0,0.0,0.0,0.0,0.0,0.0,1.0,0.0,1.0,14.0,0.0,0.0,0.0,0.0,0.0,0.0,1.0
134,162,2135,http://data.odeuropa.eu/vocabulary/olfactory-objects/214,0.0,1.0,0.0,0.0,0.0,0.0,2.0,0.0,2.0,0.0,0.0,0.0,0.0,0.0,0.0,0.0,0.0,0.0,6.0,0.0,0.0,0.0,0.0,0.0,0.0,0.0,0.0,1.0,0.0,1.0,1.0,0.0,0.0,0.0,0.0,0.0,0.0,1.0,0.0,0.0,0.0,0.0,0.0,0.0,0.0,0.0,1.0,2.0,0.0,0.0,0.0,0.0,0.0,0.0,0.0,1.0,6.0,0.0,0.0,0.0,0.0,1.0,1.0,0.0
135,163,2136,http://www.wikidata.org/entity/Q15622897,0.0,1.0,0.0,0.0,0.0,0.0,2.0,0.0,2.0,0.0,0.0,0.0,0.0,0.0,0.0,0.0,0.0,0.0,6.0,0.0,0.0,0.0,0.0,0.0,0.0,0.0,0.0,1.0,0.0,1.0,1.0,0.0,0.0,0.0,0.0,0.0,0.0,1.0,0.0,0.0,0.0,0.0,0.0,0.0,0.0,0.0,1.0,2.0,0.0,0.0,0.0,0.0,0.0,0.0,0.0,1.0,6.0,0.0,0.0,0.0,0.0,1.0,1.0,0.0
136,164,2187,http://data.odeuropa.eu/vocabulary/olfactory-objects/311,0.0,0.0,0.0,0.0,0.0,0.0,0.0,0.0,0.0,0.0,1.0,0.0,0.0,0.0,0.0,0.0,0.0,0.0,0.0,0.0,0.0,0.0,0.0,0.0,0.0,0.0,0.0,0.0,0.0,1.0,0.0,0.0,0.0,0.0,0.0,0.0,0.0,0.0,0.0,0.0,0.0,0.0,0.0,0.0,0.0,0.0,0.0,1.0,0.0,0.0,0.0,0.0,0.0,0.0,0.0,0.0,2.0,0.0,0.0,0.0,0.0,0.0,0.0,0.0
137,165,2188,http://www.wikidata.org/entity/Q14328596,0.0,0.0,0.0,0.0,0.0,0.0,0.0,0.0,0.0,0.0,1.0,0.0,0.0,0.0,0.0,0.0,0.0,0.0,0.0,0.0,0.0,0.0,0.0,0.0,0.0,0.0,0.0,0.0,0.0,1.0,0.0,0.0,0.0,0.0,0.0,0.0,0.0,0.0,0.0,0.0,0.0,0.0,0.0,0.0,0.0,0.0,0.0,1.0,0.0,0.0,0.0,0.0,0.0,0.0,0.0,0.0,2.0,0.0,0.0,0.0,0.0,0.0,0.0,0.0
138,166,2291,http://data.odeuropa.eu/vocabulary/olfactory-objects/300,0.0,0.0,0.0,0.0,0.0,0.0,0.0,0.0,0.0,0.0,0.0,0.0,0.0,0.0,0.0,0.0,0.0,0.0,0.0,0.0,0.0,0.0,0.0,0.0,0.0,0.0,0.0,0.0,0.0,1.0,2.0,0.0,0.0,0.0,0.0,0.0,0.0,0.0,0.0,0.0,0.0,0.0,0.0,0.0,0.0,0.0,0.0,0.0,0.0,0.0,0.0,0.0,0.0,0.0,0.0,0.0,1.0,0.0,0.0,0.0,0.0,0.0,0.0,1.0
139,167,2292,http://www.wikidata.org/entity/Q10998,0.0,0.0,0.0,0.0,0.0,0.0,0.0,0.0,0.0,0.0,0.0,0.0,0.0,0.0,0.0,0.0,0.0,0.0,0.0,0.0,0.0,0.0,0.0,0.0,0.0,0.0,0.0,0.0,0.0,1.0,2.0,0.0,0.0,0.0,0.0,0.0,0.0,0.0,0.0,0.0,0.0,0.0,0.0,0.0,0.0,0.0,0.0,0.0,0.0,0.0,0.0,0.0,0.0,0.0,0.0,0.0,1.0,0.0,0.0,0.0,0.0,0.0,0.0,1.0
140,168,2325,http://data.odeuropa.eu/vocabulary/olfactory-objects/370,0.0,0.0,0.0,0.0,0.0,0.0,0.0,0.0,0.0,0.0,0.0,0.0,0.0,0.0,0.0,0.0,0.0,0.0,2.0,0.0,0.0,0.0,0.0,0.0,0.0,0.0,1.0,0.0,0.0,1.0,0.0,0.0,0.0,0.0,0.0,0.0,0.0,0.0,0.0,0.0,0.0,0.0,0.0,0.0,1.0,0.0,3.0,11.0,0.0,0.0,0.0,0.0,0.0,0.0,0.0,0.0,7.0,0.0,0.0,0.0,0.0,0.0,0.0,0.0
141,169,2326,http://www.wikidata.org/entity/Q40763,0.0,0.0,0.0,0.0,0.0,0.0,0.0,0.0,0.0,0.0,0.0,0.0,0.0,0.0,0.0,0.0,0.0,0.0,2.0,0.0,0.0,0.0,0.0,0.0,0.0,0.0,1.0,0.0,0.0,1.0,0.0,0.0,0.0,0.0,0.0,0.0,0.0,0.0,0.0,0.0,0.0,0.0,0.0,0.0,1.0,0.0,3.0,11.0,0.0,0.0,0.0,0.0,0.0,0.0,0.0,0.0,7.0,0.0,0.0,0.0,0.0,0.0,0.0,0.0
142,170,2363,http://data.odeuropa.eu/vocabulary/olfactory-objects/87,0.0,0.0,0.0,0.0,0.0,0.0,1.0,0.0,2.0,0.0,2.0,0.0,0.0,0.0,0.0,0.0,0.0,0.0,13.0,0.0,0.0,0.0,0.0,0.0,0.0,0.0,0.0,2.0,0.0,1.0,1.0,0.0,0.0,0.0,0.0,0.0,0.0,0.0,1.0,0.0,0.0,0.0,0.0,0.0,0.0,0.0,2.0,1.0,0.0,0.0,0.0,0.0,0.0,0.0,0.0,0.0,4.0,1.0,0.0,0.0,0.0,0.0,0.0,0.0
143,171,2364,http://www.wikidata.org/entity/Q336989,0.0,0.0,0.0,0.0,0.0,0.0,1.0,0.0,2.0,0.0,2.0,0.0,0.0,0.0,0.0,0.0,0.0,0.0,13.0,0.0,0.0,0.0,0.0,0.0,0.0,0.0,0.0,2.0,0.0,1.0,1.0,0.0,0.0,0.0,0.0,0.0,0.0,0.0,1.0,0.0,0.0,0.0,0.0,0.0,0.0,0.0,2.0,1.0,0.0,0.0,0.0,0.0,0.0,0.0,0.0,0.0,4.0,1.0,0.0,0.0,0.0,0.0,0.0,0.0
144,174,2427,http://data.odeuropa.eu/vocabulary/olfactory-objects/88,0.0,0.0,0.0,0.0,0.0,0.0,2.0,0.0,0.0,0.0,0.0,0.0,0.0,0.0,0.0,0.0,0.0,0.0,19.0,0.0,0.0,0.0,0.0,0.0,0.0,0.0,0.0,0.0,0.0,1.0,0.0,0.0,0.0,0.0,0.0,0.0,0.0,5.0,0.0,0.0,0.0,0.0,1.0,0.0,2.0,0.0,4.0,11.0,0.0,0.0,0.0,0.0,0.0,1.0,0.0,0.0,17.0,1.0,0.0,0.0,0.0,0.0,2.0,0.0
145,175,2428,http://www.wikidata.org/entity/Q207123,0.0,0.0,0.0,0.0,0.0,0.0,2.0,0.0,0.0,0.0,0.0,0.0,0.0,0.0,0.0,0.0,0.0,0.0,19.0,0.0,0.0,0.0,0.0,0.0,0.0,0.0,0.0,0.0,0.0,1.0,0.0,0.0,0.0,0.0,0.0,0.0,0.0,5.0,0.0,0.0,0.0,0.0,1.0,0.0,2.0,0.0,4.0,11.0,0.0,0.0,0.0,0.0,0.0,1.0,0.0,0.0,17.0,1.0,0.0,0.0,0.0,0.0,2.0,0.0
146,178,2455,http://data.odeuropa.eu/vocabulary/olfactory-objects/214,0.0,1.0,0.0,0.0,0.0,0.0,2.0,0.0,2.0,0.0,0.0,0.0,0.0,0.0,0.0,0.0,0.0,0.0,6.0,0.0,0.0,0.0,0.0,0.0,0.0,0.0,0.0,1.0,0.0,1.0,1.0,0.0,0.0,0.0,0.0,0.0,0.0,1.0,0.0,0.0,0.0,0.0,0.0,0.0,0.0,0.0,1.0,2.0,0.0,0.0,0.0,0.0,0.0,0.0,0.0,1.0,6.0,0.0,0.0,0.0,0.0,1.0,1.0,0.0
147,179,2456,http://www.wikidata.org/entity/Q15622897,0.0,1.0,0.0,0.0,0.0,0.0,2.0,0.0,2.0,0.0,0.0,0.0,0.0,0.0,0.0,0.0,0.0,0.0,6.0,0.0,0.0,0.0,0.0,0.0,0.0,0.0,0.0,1.0,0.0,1.0,1.0,0.0,0.0,0.0,0.0,0.0,0.0,1.0,0.0,0.0,0.0,0.0,0.0,0.0,0.0,0.0,1.0,2.0,0.0,0.0,0.0,0.0,0.0,0.0,0.0,1.0,6.0,0.0,0.0,0.0,0.0,1.0,1.0,0.0
148,180,2461,http://data.odeuropa.eu/vocabulary/olfactory-objects/88,0.0,0.0,0.0,0.0,0.0,0.0,2.0,0.0,0.0,0.0,0.0,0.0,0.0,0.0,0.0,0.0,0.0,0.0,19.0,0.0,0.0,0.0,0.0,0.0,0.0,0.0,0.0,0.0,0.0,1.0,0.0,0.0,0.0,0.0,0.0,0.0,0.0,5.0,0.0,0.0,0.0,0.0,1.0,0.0,2.0,0.0,4.0,11.0,0.0,0.0,0.0,0.0,0.0,1.0,0.0,0.0,17.0,1.0,0.0,0.0,0.0,0.0,2.0,0.0
149,181,2462,http://www.wikidata.org/entity/Q207123,0.0,0.0,0.0,0.0,0.0,0.0,2.0,0.0,0.0,0.0,0.0,0.0,0.0,0.0,0.0,0.0,0.0,0.0,19.0,0.0,0.0,0.0,0.0,0.0,0.0,0.0,0.0,0.0,0.0,1.0,0.0,0.0,0.0,0.0,0.0,0.0,0.0,5.0,0.0,0.0,0.0,0.0,1.0,0.0,2.0,0.0,4.0,11.0,0.0,0.0,0.0,0.0,0.0,1.0,0.0,0.0,17.0,1.0,0.0,0.0,0.0,0.0,2.0,0.0
150,182,2465,http://data.odeuropa.eu/vocabulary/olfactory-objects/214,0.0,1.0,0.0,0.0,0.0,0.0,2.0,0.0,2.0,0.0,0.0,0.0,0.0,0.0,0.0,0.0,0.0,0.0,6.0,0.0,0.0,0.0,0.0,0.0,0.0,0.0,0.0,1.0,0.0,1.0,1.0,0.0,0.0,0.0,0.0,0.0,0.0,1.0,0.0,0.0,0.0,0.0,0.0,0.0,0.0,0.0,1.0,2.0,0.0,0.0,0.0,0.0,0.0,0.0,0.0,1.0,6.0,0.0,0.0,0.0,0.0,1.0,1.0,0.0
151,183,2466,http://www.wikidata.org/entity/Q15622897,0.0,1.0,0.0,0.0,0.0,0.0,2.0,0.0,2.0,0.0,0.0,0.0,0.0,0.0,0.0,0.0,0.0,0.0,6.0,0.0,0.0,0.0,0.0,0.0,0.0,0.0,0.0,1.0,0.0,1.0,1.0,0.0,0.0,0.0,0.0,0.0,0.0,1.0,0.0,0.0,0.0,0.0,0.0,0.0,0.0,0.0,1.0,2.0,0.0,0.0,0.0,0.0,0.0,0.0,0.0,1.0,6.0,0.0,0.0,0.0,0.0,1.0,1.0,0.0
152,184,2476,http://data.odeuropa.eu/vocabulary/olfactory-objects/300,0.0,0.0,0.0,0.0,0.0,0.0,0.0,0.0,0.0,0.0,0.0,0.0,0.0,0.0,0.0,0.0,0.0,0.0,0.0,0.0,0.0,0.0,0.0,0.0,0.0,0.0,0.0,0.0,0.0,1.0,2.0,0.0,0.0,0.0,0.0,0.0,0.0,0.0,0.0,0.0,0.0,0.0,0.0,0.0,0.0,0.0,0.0,0.0,0.0,0.0,0.0,0.0,0.0,0.0,0.0,0.0,1.0,0.0,0.0,0.0,0.0,0.0,0.0,1.0
153,185,2477,http://www.wikidata.org/entity/Q10998,0.0,0.0,0.0,0.0,0.0,0.0,0.0,0.0,0.0,0.0,0.0,0.0,0.0,0.0,0.0,0.0,0.0,0.0,0.0,0.0,0.0,0.0,0.0,0.0,0.0,0.0,0.0,0.0,0.0,1.0,2.0,0.0,0.0,0.0,0.0,0.0,0.0,0.0,0.0,0.0,0.0,0.0,0.0,0.0,0.0,0.0,0.0,0.0,0.0,0.0,0.0,0.0,0.0,0.0,0.0,0.0,1.0,0.0,0.0,0.0,0.0,0.0,0.0,1.0
154,186,2484,http://data.odeuropa.eu/vocabulary/olfactory-objects/138,0.0,0.0,0.0,0.0,1.0,0.0,3.0,0.0,9.0,3.0,6.0,0.0,0.0,0.0,2.0,0.0,1.0,0.0,106.0,0.0,1.0,0.0,2.0,0.0,0.0,0.0,0.0,11.0,0.0,1.0,2.0,0.0,0.0,4.0,0.0,2.0,0.0,8.0,0.0,0.0,0.0,0.0,9.0,0.0,3.0,2.0,2.0,8.0,0.0,0.0,0.0,0.0,0.0,1.0,0.0,1.0,14.0,0.0,0.0,0.0,0.0,0.0,0.0,1.0
155,187,2485,http://www.wikidata.org/entity/Q34687,0.0,0.0,0.0,0.0,1.0,0.0,3.0,0.0,9.0,3.0,6.0,0.0,0.0,0.0,2.0,0.0,1.0,0.0,106.0,0.0,1.0,0.0,2.0,0.0,0.0,0.0,0.0,11.0,0.0,1.0,2.0,0.0,0.0,4.0,0.0,2.0,0.0,8.0,0.0,0.0,0.0,0.0,9.0,0.0,3.0,2.0,2.0,8.0,0.0,0.0,0.0,0.0,0.0,1.0,0.0,1.0,14.0,0.0,0.0,0.0,0.0,0.0,0.0,1.0
